引越し,3856985
申込,2631572
振込,1927452
取扱,1655129
申込み,1526548
為替,1317473
浮気,893396
振替,872004
煙草,663181
引越,640540
早稲田,640272
振込み,616567
三郎,604517
芝生,565027
稲荷,556508
即ち,535524
彼方,465117
紫陽花,375278
踏切,373389
吹雪,357243
微笑み,280818
狭間,275830
戯言,257555
悪戯,248520
仰る,226047
微笑む,225845
狩人,197623
御用達,192864
微笑ましい,163698
称え,158242
為す,158118
息吹,152582
被せ,150457
花咲,146888
拓く,141611
稲妻,137460
遣り,129428
却って,123196
繰越,117863
玄人,116359
振付,113793
浸かる,113267
御手洗,105067
猛者,101115
捕物,96731
尽く,92486
隠密,92354
御幸,90865
壊死,86948
繰延,86532
為し,84530
脚立,83580
傾げる,82028
歓び,81980
雄叫び,80830
称える,75154
到る,74974
奥行,73879
奇しくも,73033
拠り所,72946
繰返し,72745
潮騒,72411
依る,70431
紅葉狩り,63507
寝心地,62862
凡そ,62737
網代,58907
贈物,54160
誉める,53033
塔頭,52698
初っ端,51636
押出,50783
繰上,50587
拠る,48753
夏越,47097
雲丹,46607
繰上げ,43669
抗う,43149
振出,41410
被せる,41139
戯れ言,39625
遣る,38634
比丘,38055
長押,37657
脚気,36791
名越,36686
乗越,36478
付添,36029
反吐,35207
花吹雪,35156
恐れ多い,34931
方舟,34298
凡て,33099
荒ぶ,32562
繁く,31133
較べる,30594
算盤,30294
沈丁花,30140
為る,29493
僧都,28845
御息所,28688
来迎,28639
沈香,28456
将監,28230
被さる,27301
傾城,26854
彼奴,26567
小為替,26484
遣り取り,25758
濃口,25521
物怖じ,25012
被り物,24926
早稲,24204
憶える,24133
外郎,24092
奇天烈,24015
飛越,23640
抗い,23512
戯作,23437
思し召し,23062
思召,22866
御神酒,22784
荒子,22635
怖気,22202
烈しい,22078
前屈み,21373
木遣り,21226
地吹雪,21100
女郎花,20846
紙吹雪,20834
雑魚寝,20004
息吹き,19947
屈み,19674
気狂い,19464
繰出,19326
払出,19232
鬼灯,18552
郎女,18531
仲違い,17695
狭霧,17199
忙しない,16720
結縁,16685
盗る,16636
浸ける,16615
慎ましい,16462
繁る,16241
御成,16204
検非違使,15964
較正,15332
陰日向,15160
振替え,14939
御酒,14919
振付け,14858
入唐,14667
一人占め,14639
転寝,14561
慎ましやか,14412
積込み,14267
況や,14170
吸込,14033
与する,13763
彼処,13742
大和芋,13587
貸越,13053
雪隠,12929
言渡し,12207
引越す,12057
積替え,11900
大凡,11596
気忙しい,11596
浜木綿,11465
与る,11427
紅葉狩,11403
振分け,10732
猛る,10572
幾許,10555
思い遣り,10536
仰け反る,10271
爆ぜる,10182
被い,10160
振出し,10064
繰越し,9958
繁み,9879
戯け,9871
詰る,9705
突合せ,9493
麗らか,9442
御髪,9321
慮る,9243
芝海老,9239
盗っ人,9163
被う,9075
逃散,9057
吹雪く,9038
目敏い,8942
扱く,8855
項垂れる,8810
抜書,8663
突板,8659
繰入れ,8643
拓ける,8523
一越,8354
影向,8253
注連飾り,8215
選り抜き,8168
彼是,8109
扇ぐ,8041
荒み,8026
継ぎ接ぎ,7885
普く,7808
踏絵,7750
添寝,7655
高麗芝,7621
住込み,7607
征矢,7533
益荒男,7472
木遣,7232
郎子,7184
御行,7116
追込み,6986
追越し,6856
恐れおおい,6775
絡繰,6667
石突,6543
屈む,6523
淡竹,6464
馬尾,6461
荒む,6406
猛猛しい,6336
微温湯,6282
継しい,6267
恐多い,6255
毛抜,6249
踏面,6151
猛だけしい,6138
繰出し,5956
お巡り,5919
鬼百合,5891
雌鳥,5731
殺陣師,5684
迫り出し,5642
被れる,5609
踏込み,5602
遣り繰り,5583
況して,5575
鼻摘み,5507
突当り,5481
迫間,5424
屈める,5414
船泊,5367
荒屋,5302
透る,5251
梅桃,5163
慮り,5144
踏台,5143
不壊,4997
高御座,4981
抜刷,4831
衣更え,4786
雨避け,4764
繰延べ,4739
歓ぶ,4695
拠所,4649
遣水,4635
弾除け,4509
為さる,4458
踏板,4394
奇しき,4337
柄行,4304
繰糸,4284
息吹く,4282
戯論,4093
傾ぐ,4078
荷為替,4005
摘み食い,3974
被衣,3971
投げ遣り,3951
水抜,3861
左団扇,3846
摘み菜,3789
戯れ事,3702
方違え,3675
持越,3643
乾す,3612
彼の世,3570
幅跳,3474
濃やか,3328
抗える,3284
荒布,3270
払子,3261
摘草,3168
被りもの,3156
抱合せ,3147
粒選り,3104
見越,3049
踏段,3049
雄鳥,3022
突出し,2954
握飯,2925
威す,2900
押し並べて,2889
遣り口,2850
塔中,2844
振仮名,2837
合歓木,2774
十露盤,2770
紫雲英,2756
吐かす,2725
遣手,2675
荷扱,2632
鹿尾菜,2625
漫ろ,2606
男郎花,2553
九十九髪,2546
借越,2535
輝る,2497
雷親父,2487
日乾,2430
雪踏,2398
網代木,2348
尾の上,2345
現御神,2329
遣れる,2323
稲置,2211
抜打ち,2199
隠亡,2173
高跳,2167
焼き鈍し,2161
鉄床,2031
羽団扇,2005
浮つく,2002
傍輩,1976
鉄砲百合,1963
棒手振り,1962
漫ろ歩き,1959
突棒,1936
乾飯,1924
深山霧島,1914
行倒れ,1898
添水,1864
召人,1851
別箇,1844
踏石,1823
転た寝,1819
春桃,1789
麗ら,1777
到れる,1755
稲熱病,1701
戯事,1678
捕方,1658
為さん,1657
吐口,1646
怖じる,1642
越度,1637
遣戸,1566
扱ぐ,1553
掘立て,1550
怖じ気,1535
縁る,1531
仰ける,1503
座込み,1480
売僧,1457
抜身,1454
干乾,1430
端近,1409
端折れる,1402
見栄坊,1390
戯談,1364
戯ける,1349
角髪,1260
追払い,1252
焼鈍し,1250
歓べる,1248
温突,1244
雅びやか,1241
日乾し,1240
繁し,1231
申渡し,1217
飲込み,1208
遣り場,1206
怖じける,1203
種姓,1190
干乾し,1185
戯け者,1174
抜差,1153
床間,1140
稲妻形,1132
人怖じ,1128
書抜,1125
即ける,1124
威かす,1113
末枯れる,1071
雲脂,1070
割振,1054
海髪,1030
利腕,1023
繰替え,1019