友達,10080664
美味しい,6154557
嬉しい,5897830
物語,5835716
綺麗,5206116
勝手,4767286
可愛い,4738177
息子,4568976
お腹,4130341
引越し,3856985
時計,3131400
田舎,2998962
寿司,2812143
申込,2631572
何処,2342236
宜しく,2331899
景色,2306148
想い,2291366
萌え,2182589
実に,2154189
醤油,2013572
今朝,2011275
殆ど,1996296
身近,1937729
振込,1927452
味噌,1920907
倶楽部,1914655
有難う,1828184
予め,1758540
勿論,1757148
素人,1688187
蕎麦,1683951
取扱,1655129
真面目,1577844
贅沢,1564974
申込み,1526548
揃え,1500409
怪我,1454712
若しくは,1426836
麻生,1417922
叩き,1405695
手続,1390564
為替,1317473
行方,1252426
云う,1252089
喧嘩,1242804
餃子,1226115
如何,1209400
炒め,1177062
濡れ,1143580
流石,1141031
相撲,1131056
手伝い,1125099
浴衣,1066938
真似,1050313
未だ,1021958
上手い,991484
真っ赤,954563
如く,935845
乙女,929200
果物,929164
其の,912180
厨房,901832
一人暮らし,898274
浮気,893396
甲斐,883048
溢れる,878887
薔薇,875401
振替,872004
直ぐ,870185
美味い,869647
伊達,860805
馴染み,860454
八幡,856037
間近,839262
見積,803139
海老,800791
曰く,796565
人参,794570
五月,794304
行なう,790651
叩く,783317
晒し,764013
石鹸,743418
遂に,743132
梱包,741407
誹謗,735495
遥か,733220
お洒落,728187
繋がり,727812
日和,723642
鍼灸,721346
煽り,698835
覗き,697101
先ず,691767
惚れ,691085
心地よい,688791
煙草,663181
或いは,656041
此処,654749
秘訣,652812
貰い,651447
切手,648356
麻痺,642440
引越,640540
早稲田,640272
珈琲,634857
儲け,633248
只今,633171
捏造,632031
揃い,630584
繋がる,630153
神楽,629977
切符,623494
振込み,616567
弥生,612812
麻雀,609875
急遽,609398
三郎,604517
海苔,600820
可哀想,586754
経つ,586085
有り難う,584844
一人ひとり,583104
獅子,581530
一昨日,577824
芝生,565027
稲荷,556508
口腔,547957
賑やか,543104
復讐,541512
日向,541360
貰う,540532
刺繍,535605
即ち,535524
請負,531514
菩薩,530079
密か,517487
真田,515295
呆れ,514441
巫女,510486
廻り,509792
天狗,506586
撫で,506393
硫黄,505815
使い勝手,503949
居心地,502615
一昨年,496199
牡蠣,491599
生姜,489306
判る,479141
衛門,476847
真っ直ぐ,473851
築地,466607
彼方,465117
尻尾,463475
解る,462466
敢えて,460997
割烹,457931
可愛らしい,456854
行ない,449229
香具師,446019
肛門,445123
何卒,444957
河原,441949
惣菜,432541
概ね,432236
茶碗,430792
歪み,429976
稜線,427290
茄子,426696
界隈,421438
無垢,420821
芭蕉,418060
儲かる,416819
貰える,416234
躊躇,414636
九月,406548
賑わい,405923
喘息,402016
可憐,398748
雑魚,398687
吊り,395056
驚愕,394944
饅頭,394481
活かす,393840
青龍,390621
排泄,386019
大相撲,383906
想い出,379461
取消,379154
三味線,378390
紫陽花,375278
噛み,374651
瑞穂,374015
踏切,373389
貸出,371547
ご馳走,368331
神輿,368014
平坦,366877
奨め,364375
嗜好,361775
瞑想,361265
吹雪,357243
喋り,356403
牽引,355069
溜め,352800
萌える,350839
騙し,350001
蛋白,349676
綴る,349623
大晦日,349261
些細,347982
相応しい,347468
迷子,346074
安堵,346009
下駄,345846
最寄り,345426
小豆,342076
炸裂,339956
掴み,338324
蜘蛛,336804
洒落,335852
林檎,335314
柚子,334903
苗字,332450
常磐,330943
溜息,330894
呟く,330304
覗く,330025
葡萄,328991
想う,324279
提灯,323882
竣工,322697
牡丹,321845
爺さん,319193
終焉,317481
漏洩,317352
凄まじい,317336
死神,316612
高砂,316018
揃う,314102
卑怯,312223
銚子,310772
骨董,310137
小路,308675
喋る,305108
莫大,304845
嘔吐,304010
眼差し,301318
叶う,298902
出逢い,296624
剪定,295005
分娩,294123
祈祷,291734
車輌,291391
呟き,287694
対峙,287216
衣裳,286935
充填,286809
噛む,286460
掴む,286104
今宵,285480
和え,285373
膀胱,284590
囃子,281904
繋ぐ,280932
撒き,280881
微笑み,280818
椎茸,279898
川原,278571
取り敢えず,278418
胡麻,278161
廃墟,276784
名残,276321
狭間,275830
銀杏,275703
綴り,274995
捧げる,273869
流行り,272773
振袖,272317
啓蒙,266837
猪木,266168
混沌,265811
執拗,264016
竜馬,264010
太刀,262860
屏風,262048
兄妹,260236
貯まる,259887
煽る,258741
吾妻,257983
戯言,257555
積立,257418
冴え,257087
迂回,256580
垣間見,256488
河童,256147
嗚呼,255810
取締,254621
痴呆,253646
申立,253166
橋梁,250948
脆弱,250469
繋ぎ,250338
胡椒,250252
悪戯,248520
月極,247990
冤罪,246947
佇む,244977
佃煮,244328
一寸,243998
寿し,243715
隼人,243156
怯え,242748
金儲け,241548
濾過,241507
剥離,239932
徘徊,239587
頷く,237419
傭兵,236718
阿呆,236519
晒す,236489
琥珀,236219
楕円,235138
愛嬌,233610
勿体,233206
明智,232344
蔓延,230446
絨毯,229324
彗星,229255
淋しい,229160
蝦夷,228532
夜叉,227350
彷彿,226094
仰る,226047
微笑む,225845
菖蒲,225776
嘘つき,225690
柳川,225397
蘇生,224924
翡翠,224304
這い,222069
編纂,221874
痙攣,221528
黄昏,220295
浪漫,219746
錆び,216945
贔屓,215691
愛しい,215321
山椒,214549
近衛,214276
彷徨,214245
幼馴染,214160
止む,214147
儲ける,213502
新撰,212966
太夫,212930
唖然,212270
瑕疵,211560
湿疹,211379
祭祀,210887
漕ぎ,210667
厩舎,210403
可哀相,209211
斡旋,208706
申出,207740
凱旋,207493
信憑,207491
挽き,206964
哀しい,206759
痺れ,206507
早苗,205192
珊瑚,205113
範疇,204095
愕然,204069
梅雨入り,202953
囚われ,202266
怒涛,202244
城址,201578
真中,199630
牽制,198866
野良,198086
狩人,197623
不味い,197322
梨花,196604
山羊,196404
渾身,196389
悪し,196232
揃える,196077
叶える,195559
淘汰,195387
鼻血,194013
所以,193840
纏め,193302
辿る,193142
御用達,192864
呆然,192172
溜まり,191855
凛と,191154
融通,190532
同棲,189951
個所,189733
貯める,189488
小切手,189197
如し,188889
清楚,188304
其処,188080
此方,188070
飛翔,187699
螺旋,187329
一揆,187130
真っ青,186927
炒める,186715
佇まい,186469
微塵,185844
呑む,185738
龍神,185630
閃光,185081
最早,185063
揉み,184923
助っ人,184229
滅茶苦茶,182543
或は,182037
松茸,181545
乖離,180957
白樺,180623
漸く,180341
抜擢,180270
眩しい,180241
祀る,179912
揶揄,179396
総て,179312
羊羹,179235
鵜呑み,179233
末裔,179139
寛ぎ,178642
溜まる,178485
ケ月,178148
杜氏,178081
大袈裟,177985
牝馬,177675
孵化,177637
掻き,176997
殺戮,176746
師走,176436
舞妓,176222
蓮華,176173
見出す,176155
伝播,175943
雪崩,175736
差し支え,175374
桔梗,175200
数珠,174811
全う,174196
釘付け,173029
殲滅,172343
寧ろ,172041
宜しい,171713
鯉のぼり,171313
陽射し,170890
玉葱,170462
勢揃い,170322
天秤,169964
甲冑,169559
麒麟,169232
鳳凰,168636
煉瓦,168351
黎明,168291
顆粒,167891
蘇る,167613
投函,167462
身勝手,167415
輪廻,166467
三十路,166055
皐月,164877
瀕死,164007
微笑ましい,163698
辰巳,163636
足袋,163548
手伝う,163534
大腿,163195
柴犬,162389
賑わう,161844
海原,161356
選りすぐり,161294
埠頭,160843
裸足,159629
朱雀,159484
蒼い,158882
手帖,158741
野良猫,158344
称え,158242
為す,158118
叢書,157301
位牌,157199
備長,157178
喧騒,156329
八百屋,156293
馴染ん,156250
摂る,155766
伊吹,155678
剥奪,155401
疼痛,155044
時雨,154966
片栗粉,154822
鳴子,154697
智恵,153558
暖簾,153415
馴れ合い,153280
喰う,153184
鰹節,152991
息吹,152582
如月,152461
邁進,152258
晩餐,151781
被せ,150457
顛末,150137
御苑,150113
禿げ,150084
金箔,149796
燻製,149775
胡蝶,149166
研鑽,148160
智慧,148124
秋刀魚,148101
発疹,147704
朝霞,147643
お喋り,146920
花咲,146888
琵琶,146790
廻る,146243
焚き火,145471
着心地,145457
公家,144884
隕石,144555
涅槃,144506
如何なる,144226
牡馬,144080
招聘,143842
凌駕,143711
尤も,143672
滲み,142881
貫禄,142822
砥石,142803
廻し,141708
拓く,141611
華奢,141429
諜報,140942
灼熱,140281
狭窄,140189
司る,139807
梯子,139678
真鍮,139667
生憎,138190
標榜,138133
虐め,137983
谷中,137932
蓬莱,137717
末梢,137674
稲妻,137460
汲み,137350
凸凹,137338
俯瞰,137002
柑橘,136731
凹み,136268
欺瞞,135945
播種,135804
健気,135638
呆れる,135120
草薙,135047
辛うじて,134619
頷き,134250
石膏,133537
舐める,133277
鞍馬,133047
偲ぶ,132815
狛犬,132729
剃り,132699
歪曲,132475
棲む,132453
囁き,132332
雲雀,132328
漆喰,132224
颯爽,131949
娼婦,131947
椰子,131910
醍醐,131842
濡れる,131813
撫でる,131771
お雛様,130912
軟膏,130508
堰堤,130489
流暢,130387
咄嗟,130296
懺悔,130217
苛立ち,130168
動悸,130058
逢う,129758
真鯛,129600
遣り,129428
素麺,129296
八百長,129112
吊り上げ,128972
絢爛,128721
詭弁,128031
合祀,127122
伽藍,126910
鼻腔,126864
神子,126430
割増,126395
杏仁,126386
可笑しい,125519
浣腸,125336
圃場,124691
岩魚,124281
大洲,124145
拮抗,123883
訊く,123714
箪笥,123672
芳醇,123585
却って,123196
祀り,122927
吠える,122841
護る,122616
蒲鉾,122451
強靭,122050
不憫,121879
太閤,121545
挽回,121309
罹患,120753
恫喝,120068
蝋燭,119964
蚊帳,119662
生粋,119536
攘夷,119496
中洲,119145
喘ぎ,118814
溜め息,118471
腹腔,118450
喰らう,117967
大人しい,117873
繰越,117863
吊るし,117790
蒔絵,117544
棟梁,117456
咎め,117289
肋骨,117153
蜜柑,116610
庄屋,116461
玄人,116359
厄除け,116314
揉め,116051
立会,115797
括り,115740
甦る,115732
怪訝,115316
睨み,115262
円錐,115231
憑依,115226
補填,115059
乳癌,114826
乃至,114803
零れ,114771
痒い,114698
烏賊,114306
早乙女,114083
振付,113793
浸かる,113267
傀儡,112647
倦怠,112526
小百合,112522
向日葵,112454
田圃,112346
苛め,112118
飛沫,112044
止み,111395
竹刀,111213
僻地,111176
恰好,111033
哨戒,111012
熾烈,110765
釉薬,110760
左近,110642
叱咤,110641
轟音,110625
囁く,110619
花菖蒲,110340
醗酵,110249
自ずと,109313
嚥下,109193
愛でる,109157
見附,109030
攪拌,108929
曼荼羅,108843
蒼天,108449
母屋,108256
俄然,107966
目論見,107887
坐禅,107676
現われる,107579
曳き,107481
穢れ,107469
咆哮,107398
卑猥,107333
松明,106892
吾輩,106825
蹂躙,106714
剥き出し,106669
捺印,106404
遠吠え,105894
仏陀,105746
繋げる,105588
宮地,105339
御手洗,105067
似非,105028
撒く,105015
億劫,104937
稀少,104857
溜り,104769
勝間,104728
胡瓜,104722
瓦礫,104243
飢饉,104227
唸り,104174
熨斗,104080
辟易,104004
賽銭,103988
謳歌,103870
紫苑,103761
鹿角,103433
山伏,103278
琢磨,103222
美姫,103196
短篇,103006
孔雀,102983
綴じ,102829
昨日今日,102768
膵臓,102342
生贄,102125
隧道,101955
弛緩,101764
杏子,101665
逢える,101592
追分,101554
炬燵,101463
明媚,101381
頚椎,101349
咬合,101213
坐骨,101210
流行る,101174
馴れ,101153
猛者,101115
煤け,100986
凌ぐ,100643
華僑,100574
睡蓮,100397
射す,100211
吊り橋,99974
酒粕,99460
悶絶,99266
咀嚼,99259
推敲,99190
祟り,99037
倭人,98991
堅牢,98800
呑気,98730
炒飯,98581
毅然,98437
捌き,98391
小包,98355
暫し,98346
花梨,98055
表わす,98020
奇蹟,97808
檀家,97663
詫び,97622
聡明,97446
博打,97439
捕物,96731
庇護,96472
化膿,96204
綜合,96111
朦朧,96071
靭帯,96022
鵜飼,95983
騙す,95896
捧ぐ,95760
お早う,95725
水無月,95542
頸部,95366
赦し,95343
茹でる,95332
未曾有,95252
紫蘇,94847
指図,94809
改竄,94260
姑息,94059
風靡,93489
深淵,93415
蓮根,93386
灯篭,93181
上洛,93038
荻原,92965
拘る,92850
田舎町,92749
芸妓,92747
芙蓉,92733
尽く,92486
隠密,92354
恍惚,91868
葺き,91747
捻り,91619
南瓜,91411
豹変,91283
右近,91126
御幸,90865
訛り,90862
猪口,90708
亢進,90649
天麩羅,90615
長襦袢,90431
冒涜,90281
下手くそ,90231
虚しい,90193
高嶺,89961
東雲,89906
菩提,89584
刷毛,89398
栗林,88832
叡智,88823
絵具,88815
斑鳩,88674
胡桃,88634
這う,88514
垣間見る,88367
吃驚,88273
海女,88156
明晰,88137
儚い,88123
薩長,88038
祓い,88029
肺癌,87996
庚申,87970
迂闊,87841
埴輪,87814
鞍部,87692
眼瞼,87291
装填,87205
壊死,86948
紅蓮,86947
睨む,86923
蒲焼,86658
繰延,86532
御嶽,86369
席巻,86058
凹む,85518
捲り,85429
聯合,85183
一人っ子,85054
弘法,84970
牢獄,84845
指値,84560
為し,84530
虫除け,84396
青函,84141
外苑,84080
雛形,83992
陽炎,83833
お蔭,83746
乳母,83704
脚立,83580
活き活き,83547
什器,83203
凋落,82949
生き甲斐,82873
旅籠,82665
稀有,82453
ケ所,82386
勧請,82363
戴く,82251
傾げる,82028
歓び,81980
扁平,81881
糞尿,81469
勾玉,81432
狡猾,81383
唸る,81323
馳せる,81196
怨み,81173
不知火,81143
外山,81095
西瓜,81076
一瞥,80931
雄叫び,80830
狼狽,80638
袈裟,80573
馴染む,80541
往く,80350
逞しい,80150
倭国,79991
溜池,79892
太刀打ち,79835
履物,79714
手摺,79674
真鶴,79521
御輿,79316
色褪せ,79239
片鱗,79211
烏帽子,79166
内宮,78906
水芭蕉,78875
澱粉,78532
眩暈,78532
几帳面,78342
美味しんぼ,78275
六道,78149
吊橋,78035
団欒,77981
消印,77760
灌漑,77710
被曝,77667
出会,77376
如何に,77258
胚芽,77230
生真面目,77146
片想い,76310
基く,76295
蒐集,76153
任侠,76136
貶める,76060
杞憂,75837
漕ぐ,75274
騙り,75177
称える,75154
坐像,75153
衣笠,75086
胃癌,75080
到る,74974
先鋒,74891
蓮池,74865
麻疹,74847
黒鯛,74845
悪しからず,74762
前哨,74720
汲む,74499
亀甲,74394
猥褻,74108
滲ん,73939
奥行,73879
広小路,73779
住処,73772
熱燗,73707
曳山,73697
悉く,73527
闊歩,73480
常套,73367
朱鷺,73256
一人ぼっち,73181
奇しくも,73033
拠り所,72946
挽肉,72892
剥がす,72802
喩え,72782
繰返し,72745
邂逅,72653
呆け,72500
天竺,72441
棲息,72425
頚部,72419
潮騒,72411
八卦,72348
髑髏,71718
名残り,71650
蒟蒻,71442
還る,71433
罫線,71416
駄洒落,71307
粉塵,71240
野良犬,71046
怯える,71004
吾が,70967
上智,70616
撹拌,70574
茅葺き,70469
依る,70431
膠着,70169
惚れる,70129
給う,70054
蜻蛉,70049
我侭,69909
洩れ,69894
錯綜,69882
操舵,69866
相槌,69835
爛漫,69511
停める,69446
拡がり,69297
竪穴,69258
敬虔,69248
相姦,68938
饒舌,68928
讃歌,68884
太刀魚,68835
並べて,68823
笹原,68819
和え物,68697
山葵,68651
胆嚢,68366
震撼,68033
接吻,68027
余所,67988
悦び,67939
嗚咽,67770
桟敷,67661
按摩,67448
一人娘,67277
鷹野,67142
大儲け,66988
睦月,66935
蝙蝠,66931
撫子,66855
棺桶,66828
血漿,66714
紺碧,66676
脆い,66560
曲輪,66432
外宮,66418
反芻,66346
手近,66313
逼迫,66106
弄り,65982
ずぶ濡れ,65980
花魁,65971
燈籠,65926
幸先,65862
南無阿弥陀仏,65771
豊穣,65667
外套,65633
烙印,65553
白鷺,65527
白洲,65349
芍薬,65337
哀し,65333
御馳走,65251
茉莉,65165
馬鈴薯,65150
古布,65135
噺家,65029
郁子,64953
枇杷,64919
苦悶,64846
昏睡,64816
島嶼,64739
半纏,64661
真砂,64626
鴨居,64489
更紗,64415
呼子,64252
歪む,64247
襦袢,64230
引張,64157
蒲焼き,64017
拡がる,64011
白鳳,63961
些か,63878
幼馴染み,63810
萌芽,63755
纏う,63714
生け贄,63543
紅葉狩り,63507
贖罪,63465
瓢箪,63379
船着,63066
下手糞,63048
五月蝿い,63048
呻き,62940
牛蒡,62905
日向ぼっこ,62903
自然薯,62889
辻堂,62885
寝心地,62862
空挺,62835
凡そ,62737
鬱蒼,62723
若人,62717
芦原,62669
牢屋,62611
天誅,62583
睫毛,62297
教鞭,62196
敏捷,62188
成金,62035
厨子,62015
嘗て,61987
饗宴,61922
行灯,61862
疎か,61644
縮緬,61544
惚れ惚れ,61428
案山子,61421
年寄,61026
頷ける,60791
花笠,60722
蕁麻疹,60702
公方,60575
飲物,60258
立ち退き,60131
剥げ,60125
灼眼,60008
辻褄,59992
蒼白,59817
乾癬,59763
呪詛,59666
寵愛,59585
嚢胞,59487
吃音,59410
跋扈,59316
堕ちる,59284
首吊り,59277
矜持,59196
秘か,59113
急峻,59094
夕凪,59068
曝露,59005
軋轢,58930
逡巡,58913
網代,58907
幇助,58903
親爺,58865
凌ぎ,58776
静謐,58771
片田舎,58705
空しい,58635
塩梅,58563
詩篇,58559
精悍,58411
鈴蘭,58358
矩形,58351
耽美,58207
水飴,58117
剥く,57986
金木犀,57977
ぐい呑,57870
登攀,57824
折伏,57651
猛禽,57609
売出,57581
茫然,57506
繁昌,57496
塩竈,57495
罵詈,57482
寓話,57412
逸らす,57248
河豚,57169
揉む,57050
溜まり場,57010
抒情,56987
谷地,56900
黙祷,56777
出立,56685
温州,56654
放蕩,56624
撹乱,56601
穿孔,56552
錦鯉,56530
梵字,56436
愉しい,56407
喧伝,56212
長閑,56144
呆気,56126
誤謬,56120
僭越,55974
冬瓜,55850
一閃,55811
収斂,55740
酋長,55711
涵養,55709
謳う,55662
剥製,55506
公卿,55432
柘植,55288
扁桃,55025
舵取り,54987
纏い,54952
居士,54939
黄疸,54852
庇う,54706
逆鱗,54648
掻く,54643
谷戸,54541
龍王,54536
銅鐸,54244
趨勢,54181
贈物,54160
梵天,54150
吹聴,54094
窪み,54000
檸檬,53883
憐れみ,53833
譲受,53825
莫迦,53697
何方,53676
鞭撻,53635
我儘,53346
痺れる,53325
湯呑み,53217
宦官,53129
目眩,53097
誉める,53033
挽歌,52958
企む,52777
塔頭,52698
合鴨,52679
凌辱,52606
汲み上げ,52565
慟哭,52557
思惟,52548
茗荷,52520
稀代,52432
伽羅,52405
山茶花,52311
篆刻,52234
爪楊枝,51897
閾値,51865
矮小,51705
初っ端,51636
困憊,51590
沐浴,51563
垂涎,51458
蘭学,51449
顰蹙,51357
吉方,51247
酩酊,51210
雲母,51185
手拭,51093
濡らす,51016
菩提樹,50864
押出,50783
侘び,50771
瓦斯,50739
十八番,50731
掬い,50612
沢庵,50596
繰上,50587
激昂,50525
穿刺,50483
蒔く,50426
創痍,50362
滲む,50353
五月雨,50305
脱糞,50296
魚河岸,50253
伍長,50228
真直ぐ,50129
不揃い,50094
逍遥,50066
補綴,50002
村雨,49884
白癬,49843
舎人,49776
北辰,49632
草鞋,49595
体躯,49571
酒肴,49431
目論む,49425
障碍,49341
亡骸,49319
味醂,49283
流鏑馬,49283
びしょ濡れ,49244
山鉾,49212
丁稚,49045
寛げる,48923
閃き,48894
交叉,48883
薀蓄,48790
三つ巴,48761
拠る,48753
靱帯,48728
空蝉,48682
鈑金,48667
長篇,48665
欠伸,48633
注連縄,48471
関脇,48468
往き,48445
蒼穹,48406
讃える,48195
活きる,48127
窺う,48122
見習,48034
喧噪,47855
煽動,47845
早死,47785
齟齬,47765
亘る,47764
焚く,47742
臀部,47716
灰汁,47658
泡沫,47628
茅の輪,47575
勝手口,47565
誂え,47499
旭日,47478
湯呑,47422
築山,47388
蛆虫,47384
溜める,47369
痔疾,47353
鍛冶屋,47241
草庵,47198
吊る,47118
夏越,47097
可哀そう,46993
防塵,46947
双眸,46941
鉄槌,46941
釣竿,46885
双六,46756
揉め事,46755
窺える,46656
薙刀,46620
雲丹,46607
卯月,46597
蠢く,46497
宿禰,46364
権兵衛,46317
逢瀬,46117
訊ねる,46116
剃る,46102
楊枝,45958
濡れ場,45769
汲み取り,45760
垢抜け,45756
吸殻,45755
喘ぐ,45700
浚渫,45696
軍鶏,45557
饂飩,45512
時化,45494
阿弥,45468
義太夫,45452
剃刀,45378
潮汐,45345
謂う,45332
暗渠,45307
出鱈目,45275
眷属,45179
大祓,45156
拵え,45154
投擲,45140
上梓,45098
弄る,45082
屠殺,45049
拿捕,44965
喋れる,44962
濡れ衣,44940
焚火,44771
僻み,44555
庖丁,44547
発つ,44455
文藝,44386
頸椎,44364
四つん這い,44338
杓子,44262
蜥蜴,44239
曼珠沙華,44199
追手,44184
梵鐘,44014
甘栗,44003
洛中,43974
卯の花,43930
鷲掴み,43928
乙姫,43918
杜撰,43821
防人,43805
白兎,43710
斯く,43700
揮毫,43694
繰上げ,43669
明太,43632
蒲団,43622
獰猛,43470
討死,43450
白檀,43332
柴山,43325
編物,43191
抗う,43149
黒檀,43088
疏水,43065
霞む,43000
間人,42975
眩い,42869
希有,42865
発癌,42826
燦然,42770
瀟洒,42703
白蓮,42670
憮然,42653
名残惜しい,42606
叛乱,42575
袋小路,42526
空家,42479
娑婆,42464
葺き替え,42443
残滓,42405
甲斐性,42403
種蒔,42403
沁みる,42395
雪駄,42349
咳払い,42326
物真似,42306
工廠,42283
衝立,42246
愛敬,42203
痔核,42188
星屑,42185
輻射,42085
人死,42078
狼煙,42037
脾臓,41946
石楠花,41935
燗酒,41872
磯辺,41834
躊躇い,41820
真似る,41702
車輛,41623
朋友,41592
八頭,41474
乃ち,41448
振出,41410
八朔,41351
冴える,41314
反故,41306
袋叩き,41248
猊下,41240
柏餅,41227
棍棒,41207
日和見,41148
闊達,41142
被せる,41139
半平,41086
仄か,41048
前山,40964
法帖,40923
車海老,40895
豊饒,40868
容易い,40833
騙る,40818
横槍,40763
飛燕,40755
暢気,40749
悶える,40681
灯る,40677
思し,40656
不甲斐ない,40607
伝馬,40543
呼出,40492
風疹,40483
真贋,40448
燭台,40442
小柴,40439
曾孫,40394
確り,40255
逗留,40165
柄杓,40005
強靱,39992
浅葱,39959
清冽,39919
攪乱,39910
入母屋,39879
惹起,39847
失せる,39835
五月晴れ,39785
天邪鬼,39743
和物,39731
綺羅,39719
曳航,39692
石鯛,39663
戯れ言,39625
接木,39616
演繹,39552
田舎道,39530
梨園,39412
隠れ蓑,39264
象嵌,39256
扮する,39086
忽ち,39054
贅肉,38973
菱形,38971
萌黄,38951
真似事,38944
煉獄,38936
砂礫,38865
頬杖,38804
不埒,38795
木蓮,38771
目出度い,38679
麹菌,38678
扮装,38676
捲く,38650
遣る,38634
囀り,38519
真赤,38505
水疱,38475
花卉,38435
忌憚,38401
阿闍梨,38391
茅原,38320
出で立ち,38296
光芒,38288
外様,38281
毛蟹,38178
撥ね,38146
喚く,38135
畠中,38110
日射し,38072
比丘,38055
牛頭,38042
砂塵,38030
刑部,38003
偕楽,38001
腫脹,37972
兵站,37930
四方山話,37883
玉の輿,37816
俯き,37805
日明,37805
砒素,37771
芥子,37711
憐れ,37710
下衆,37691
長押,37657
篠笛,37619
捻る,37609
棲家,37609
撒き餌,37594
奢り,37565
悲愴,37564
吼える,37553
贋作,37535
一語,37490
髣髴,37468
葦原,37466
火焔,37464
報せ,37456
落人,37416
金襴,37372
讀賣,37342
嬌声,37332
蘊蓄,37314
潅水,37296
積荷,37249
躑躅,37234
狭隘,37194
辺鄙,37120
蝸牛,37036
托鉢,37029
見晴,36955
釣り竿,36930
瀑布,36862
戴ける,36839
膵炎,36823
捌く,36811
脚気,36791
鞍替え,36758
名越,36686
寛ぐ,36558
鼎談,36491
乗越,36478
椿油,36475
還り,36433
媚びる,36432
気紛れ,36361
膿瘍,36339
灯す,36229
美しくも,36227
掴める,36219
竪琴,36087
道行,36036
付添,36029
猜疑,35972
聳える,35962
土蜘蛛,35938
聖蹟,35893
春蘭,35890
軋む,35850
生麩,35784
土筆,35780
阿吽,35725
桜海老,35679
乳母車,35604
同朋,35535
御伽,35509
篭城,35479
虹彩,35397
頬骨,35394
螺鈿,35334
漁る,35272
土師,35271
装幀,35264
反吐,35207
物の怪,35201
夥しい,35177
花吹雪,35156
未來,35137
磐石,35055
御簾,35043
酉の市,34975
恐れ多い,34931
刀鍛冶,34879
反駁,34806
惨憺,34788
無花果,34518
縋る,34487
和布,34466
点前,34452
史蹟,34427
鼻糞,34418
潅木,34409
曼陀羅,34319
方舟,34298
餓狼,34290
金柑,34273
手漉き,34263
口下手,34234
胡弓,34208
阿片,34178
貶す,34136
学び舎,34033
癇癪,34018
惹く,33986
鋸歯,33979
吊し,33975
一人暮し,33950
百日紅,33948
拡げる,33914
海星,33912
咎める,33843
揉める,33785
見出せる,33778
丞相,33720
紅鮭,33544
固唾,33539
山彦,33535
屹立,33497
金平糖,33427
煌めく,33415
塹壕,33385
永劫,33384
廻す,33368
紅型,33357
豪奢,33340
蔑ろ,33330
見栄っ張り,33321
日除け,33309
砂埃,33277
厄除,33275
翳り,33273
水垢,33208
お神酒,33177
熊笹,33137
手毬,33100
凡て,33099
云云,33042
仔細,33011
頗る,33004
適う,32992
纏める,32982
兵児帯,32947
蝶番,32929
馴染,32908
木瓜,32892
紐解く,32860
銅鑼,32806
天辺,32754
青海苔,32690
設え,32688
恩寵,32606
溌剌,32564
荒ぶ,32562
長刀,32540
図体,32481
挽き肉,32455
引落,32434
頬張る,32431
払戻,32400
粕漬け,32370
自ずから,32347
臍帯,32323
生簀,32301
御幣,32250
花菱,32092
笠木,32067
蚤の市,32064
金槌,32052
仇討,32031
丸呑み,31961
沙弥,31931
眼窩,31883
糞便,31814
蘇芳,31790
寄合,31784
錫杖,31773
地下足袋,31647
弁え,31643
勤しむ,31642
蟷螂,31578
悶着,31481
和える,31439
蜜蝋,31381
叩ける,31358
足枷,31357
歪める,31331
呼出し,31268
暗澹,31265
柘榴,31246
詫びる,31231
手垢,31220
祓う,31190
繁く,31133
疼き,31116
引き摺り,31100
耽る,31052
呵責,31048
下腿,31011
骨壷,30960
白粉,30930
驕り,30912
家禽,30876
蒼空,30870
袱紗,30860
夕餉,30833
胸腔,30818
組紐,30803
意気地,30725
駱駝,30725
較べる,30594
珪素,30568
野点,30568
年甲斐,30529
狼藉,30512
啖呵,30438
篝火,30429
屠蘇,30394
剥がれる,30393
零れる,30373
大楠,30371
滅入る,30343
啜る,30332
夜這い,30297
算盤,30294
蝋梅,30273
溜飲,30258
隠遁,30258
小槌,30192
跨ぐ,30180
躁鬱,30176
崇める,30168
沈丁花,30140
憔悴,30095
夭折,30054
灌水,30051
挺身,29993
惚け,29990
画鋲,29990
瑪瑙,29984
鷹匠,29967
後裔,29962
啼く,29925
経糸,29817
寂寥,29781
清清しい,29780
葵祭,29753
榴弾,29739
謂れ,29726
淋病,29710
按分,29699
聖餐,29692
蒸溜,29690
胡坐,29684
俯く,29679
鶏糞,29639
縦縞,29515
為る,29493
古稀,29488
白和え,29469
密やか,29398
餞別,29377
霊廟,29364
閏年,29361
俎上,29263
諍い,29230
介錯,29166
帷子,29123
瘢痕,29121
廻船,29079
小太刀,29071
山姥,29067
馬蹄,29067
一先ず,29016
瑣末,28998
腑抜け,28993
吊るす,28992
雪庇,28926
瓦葺,28918
炭疽,28897
貯え,28864
僧都,28845
申入れ,28841
燈台,28838
馳走,28825
氷雨,28813
譬え,28809
萬葉,28802
滲出,28786
男神,28760
籾殻,28760
窪地,28704
纏わる,28701
御息所,28688
煌めき,28673
検校,28645
来迎,28639
沈香,28456
餓え,28434
瘴気,28420
奢る,28378
尖塔,28363
優る,28349
引出,28274
一人,28267
染井吉野,28259
将監,28230
罹災,28203
箔押し,28195
簒奪,28122
旱魃,28110
不躾,28094
疼く,28051
蝕む,28051
諌め,28047
稟議,28031
富嶽,27960
蹴鞠,27948
此の世,27927
魍魎,27874
莞爾,27837
竿頭,27820
淀み,27786
一縷,27783
珪酸,27753
手取,27709
歯軋り,27687
桂馬,27655
庵主,27648
吊上げ,27645
嗜み,27641
朔日,27636
強か,27611
文學,27593
積木,27531
鷹揚,27474
灌木,27432
箏曲,27427
波瀾,27394
牡蛎,27386
角錐,27373
被さる,27301
鍍金,27240
姦淫,27176
百舌鳥,27166
耳朶,27101
轟く,27092
禰宜,27082
手斧,27057
酒樽,27031
凭れ,27001
妖狐,26997
腋臭,26977
杖立,26970
甘藷,26968
畦道,26948
跨る,26887
傾城,26854
殺る,26842
考へる,26763
甘鯛,26717
竜胆,26654
躊躇う,26650
小姑,26622
嘉納,26588
箴言,26584
彼奴,26567
容れる,26561
匍匐,26559
克つ,26557
比丘尼,26535
搗き,26534
捲る,26500
小為替,26484
珪藻,26482
春霞,26464
人智,26411
嵌る,26408
叩き込み,26406
腕相撲,26365
吸物,26326
牛糞,26317
侠客,26293
剃髪,26290
大明,26247
焼売,26239
刃傷,26234
紫檀,26211
人伝,26210
俘虜,26174
無碍,26165
瓦葺き,26158
土嚢,26153
猥雑,26004
和讃,25991
魂魄,25975
鳴神,25973
労い,25968
杜若,25961
只者,25932
隠棲,25911
醒める,25896
賽の河原,25875
洒脱,25808
軋み,25777
遣り取り,25758
お点前,25753
婉曲,25668
御蔭,25601
脛骨,25577
糠漬け,25570
放ったらかし,25556
扁額,25548
撚糸,25523
濃口,25521
吹き溜まり,25480
囚われる,25459
紙屑,25456
穿く,25444
読誦,25345
掃き溜め,25326
薬莢,25318
鞭打ち,25312
碧眼,25306
呻く,25304
僥倖,25284
啓蟄,25254
お伽,25192
嗜む,25094
成行,25085
助太刀,25058
白蟻,25046
石榴,25043
書肆,25019
物怖じ,25012
麦藁,24953
被り物,24926
畢竟,24923
其方,24893
槍玉,24813
扶持,24811
汐見,24775
吻合,24761
斯様,24748
辻斬り,24740
陀羅尼,24719
緞帳,24686
耕耘,24673
兎馬,24649
茉莉花,24646
此度,24623
蓋し,24619
荒磯,24597
昂揚,24579
通牒,24547
笠懸,24517
脱兎,24512
蓮花,24511
曳行,24494
寵児,24422
結願,24394
削ぐ,24393
玻璃,24386
赦す,24380
抉る,24378
紗綾,24266
采女,24260
早稲,24204
備に,24180
挽く,24169
鎧兜,24155
恰も,24140
憶える,24133
逆撫で,24119
落伍,24094
外郎,24092
瞑る,24083
茶杓,24070
嘘っぱち,24049
奇天烈,24015
蝉しぐれ,24014
巷間,24010
夢心地,24006
春宮,23987
毛鉤,23983
松濤,23971
牡鹿,23962
花水木,23960
零す,23922
按配,23913
卒塔婆,23907
手甲,23820
牽牛,23805
坩堝,23800
憐憫,23763
山百合,23746
四十路,23715
台詞回し,23713
屍体,23705
三味,23694
臓腑,23685
空木,23682
若布,23681
鯉口,23679
齧り,23652
飛越,23640
神馬,23620
艤装,23588
烏合,23563
蟄居,23522
抗い,23512
怯む,23511
呑める,23482
戯作,23437
馬糞,23405
明礬,23392
山稜,23378
黄檗,23361
捌け,23359
切欠,23350
竹槍,23345
粟野,23324
解ん,23322
剥ぐ,23299
別け,23292
疥癬,23169
訣別,23154
昏倒,23107
苛立つ,23085
思し召し,23062
水棲,23054
善哉,23044
生る,23040
噛める,23039
峻別,23019
断わり,23009
輻輳,22987
漉し,22980
跳梁,22980
馴れ馴れしい,22975
雪洞,22914
沙門,22903
思召,22866
閘門,22860
月桂樹,22850
魔除,22849
蒙昧,22840
学苑,22829
大智,22814
翔ける,22802
神苑,22788
御神酒,22784
白狐,22754
不逞,22748
落雁,22736
心太,22718
止し,22706
荒子,22635
灌頂,22579
爛れ,22544
姦通,22529
豆油,22517
米糠,22513
斟酌,22501
仇敵,22485
尖り,22477
煩悶,22434
音叉,22422
馬喰,22412
辛夷,22394
晦日,22380
關係,22365
遁甲,22363
轟沈,22356
転訛,22341
琺瑯,22318
燐酸,22305
宥める,22300
雁木,22286
釣瓶,22278
鳩尾,22270
下種,22236
怖気,22202
坐り,22181
蒲公英,22178
神祇,22170
竹竿,22112
早合点,22103
蠕動,22086
烈しい,22078
岩清水,22056
掠奪,22053
錆びる,22009
萎れ,22001
茶筅,21985
身悶え,21949
驀進,21915
庭訓,21894
丑三つ,21893
篆書,21891
鼠径,21846
草莽,21842
八紘,21841
呉れる,21817
舌苔,21801
枡形,21792
東夷,21769
喧しい,21749
判ん,21691
寄付き,21680
梃子,21676
謀叛,21676
法螺,21657
叢雲,21645
喰える,21642
歯磨,21631
坐る,21611
折檻,21604
庫裡,21550
徽章,21536
因む,21511
疱瘡,21503
遊廓,21489
咳嗽,21486
柏葉,21472
神饌,21464
小賢しい,21455
爾来,21430
耳掻き,21430
肥溜め,21429
木屑,21428
前屈み,21373
篭る,21361
塩鮭,21335
白餡,21334
燈火,21333
胸糞,21281
孕む,21265
嚆矢,21256
括る,21229
木遣り,21226
褒貶,21191
食む,21186
剥落,21171
知合い,21171
種籾,21167
棕櫚,21148
椿山,21139
侍る,21122
覗ける,21116
地吹雪,21100
衝く,21079
翔ぶ,21077
酒呑み,21072
蝉時雨,21068
掠める,20993
絨毛,20975
腰紐,20974
栗毛,20947
粕漬,20913
朧月夜,20910
粗忽,20880
女郎花,20846
洛外,20837
紙吹雪,20834
憤懣,20830
腎盂,20830
揉み合い,20822
遁走,20768
雛壇,20696
大蒜,20681
蟻地獄,20622
鮟鱇,20616
蹄鉄,20609
石積,20605
顰める,20578
穿つ,20479
詫び状,20452
已に,20437
日蝕,20426
老獪,20417
柾目,20416
恰幅,20409
馬酔木,20408
三絃,20392
腐蝕,20392
遺す,20392
八乙女,20387
敷衍,20387
曳く,20359
生け簀,20341
温灸,20271
弓手,20270
棄てる,20235
肋間,20228
選り好み,20226
慧眼,20192
薬研,20172
内侍,20164
滝壷,20164
水溜まり,20110
惣領,20105
睦まじい,20051
虹鱒,20015
雑魚寝,20004
暗誦,19971
瞽女,19963
胡同,19959
息吹き,19947
茯苓,19934
弛み,19891
朴訥,19885
當時,19874
藻屑,19861
蝶結び,19850
大濠,19845
興醒め,19838
丸儲け,19832
呑み屋,19824
轟き,19797
猿真似,19760
擾乱,19759
糊付け,19759
怨嗟,19743
虐める,19732
霹靂,19731
凱歌,19723
朝靄,19715
喀痰,19706
勅撰,19687
閃く,19682
屈み,19674
飯盒,19640
捩れ,19631
厭世,19615
紛い,19608
聚楽,19601
邯鄲,19591
鍾馗,19582
聯隊,19578
捺染,19570
塵芥,19548
毛氈,19547
点く,19529
紙漉き,19527
目論み,19508
捻くれ,19503
披瀝,19498
気狂い,19464
舳先,19454
迸る,19440
薩摩芋,19420
嬰児,19414
木挽,19382
嚢腫,19367
急かす,19337
散り散り,19331
繰出,19326
寓意,19315
褪色,19299
逸れる,19268
お釈迦,19254
因み,19246
払出,19232
栗鼠,19207
讒言,19202
馬追,19186
木苺,19175
大鷲,19165
罹る,19161
埴生,19152
塵埃,19145
玄蕃,19141
凍み,19103
耽溺,19061
躓き,19056
こし餡,19051
千成,19049
曾祖母,19025
産褥,19020
黒文字,19008
義捐,18961
人糞,18934
尾鰭,18923
甜茶,18923
吾亦紅,18893
綸子,18890
銀箔,18887
碧海,18870
無辜,18864
馬謖,18851
九十九,18840
直会,18830
山椒魚,18807
月代,18797
開闢,18791
甜菜,18789
鵜飼い,18774
独鈷,18757
田吾作,18747
胡座,18746
許嫁,18737
諫言,18722
鼈甲,18699
横縞,18691
把手,18684
梵語,18674
戌年,18598
政所,18582
時鳥,18571
開智,18568
鬼灯,18552
嵩上げ,18536
郎女,18531
放屁,18494
苛める,18485
歯痒い,18484
厭離,18474
荼毘,18468
宙吊り,18465
栴檀,18417
娼館,18414
遥拝,18413
淵源,18408
洩れる,18399
木賊,18383
諡号,18365
渾名,18363
灰燼,18359
諧謔,18343
溪谷,18263
剛毅,18254
銀嶺,18241
押忍,18210
和姦,18184
馴れ初め,18173
目糞,18134
竹薮,18130
雪兎,18122
青土,18092
猿轡,18056
碍子,17985
油粕,17944
積立て,17918
轆轤,17917
哄笑,17908
蒙る,17882
木犀,17876
手筈,17862
背鰭,17854
剪断,17851
翔ん,17847
池塘,17829
具に,17806
幇間,17799
太神,17782
膵癌,17767
羊蹄,17765
刺戟,17761
清末,17761
愛妾,17749
貰い物,17733
馴らし,17732
咬む,17731
頽廃,17728
高邁,17723
百足,17702
仲違い,17695
矢筈,17611
小笹,17602
闖入,17595
彌生,17592
泥濘,17583
畏れ多い,17562
撰集,17532
空梅雨,17522
腋毛,17518
茶漉,17515
瞠目,17513
下剋上,17508
偏に,17484
編輯,17476
麻実,17438
先鞭,17430
飲兵衛,17429
若子,17427
小咄,17395
悉皆,17369
代掻き,17354
蝦蟇,17310
美人局,17290
如何様,17266
桃李,17261
喬木,17258
還俗,17241
姨捨,17239
諷刺,17234
囃子方,17221
勁草,17217
海鼠,17213
相剋,17207
狭霧,17199
布帛,17195
尖兵,17187
飲水,17185
漕艇,17162
蒸かし,17140
手鞠,17139
燦燦,17044
臥竜,17040
眞人,17038
炙る,17031
角力,17006
背負,17005
剣戟,16984
坐薬,16966
剣呑,16895
繚乱,16888
蠢き,16887
狐火,16886
齎す,16881
出湯,16854
瀧口,16828
眩む,16803
陥穽,16780
防禦,16762
忙しない,16720
結縁,16685
怜悧,16670
盗る,16636
惚気,16635
狡い,16631
徐に,16624
慇懃,16624
忸怩,16618
浸ける,16615
土師器,16613
大堰,16595
細雪,16581
叩き台,16566
揺籃,16566
茱萸,16565
余所者,16552
蕗の薹,16536
憐れむ,16534
喀血,16525
後塵,16505
義侠,16495
喩える,16482
常磐津,16471
螺子,16471
慎ましい,16462
仔魚,16459
貼紙,16447
尊攘,16444
鹵獲,16444
艱難,16441
鴛鴦,16435
手桶,16429
憑き物,16420
幽か,16397
月蝕,16382
芳ばしい,16371
仰臥,16363
弘報,16347
曙光,16346
糞虫,16343
刮目,16336
隘路,16334
先限,16323
燐光,16321
輿入れ,16315
饗応,16288
侘しい,16287
追儺,16269
剽窃,16262
奴婢,16245
樟脳,16242
繁る,16241
在処,16228
初鰹,16225
瑞雲,16222
国衙,16210
御成,16204
杣人,16198
喘鳴,16165
些末,16156
蔓延る,16149
天の邪鬼,16140
廟所,16108
別嬪,16093
驟雨,16077
橈骨,16067
混淆,16065
播但,16050
八十,16049
洩らす,16036
帰趨,16026
直截,16022
跛行,15991
鳥瞰,15986
叩き上げ,15980
貴賎,15980
延縄,15965
検非違使,15964
嘔気,15950
海豚,15940
瓜田,15940
汗疹,15922
漲る,15921
嗜虐,15911
海棠,15869
四阿,15868
若鮎,15813
癲癇,15795
几帳,15774
厭味,15749
蛭田,15738
内匠,15727
胚葉,15724
揉み消し,15720
詠う,15698
朧月,15682
焦らす,15669
手伝える,15640
野蒜,15632
竦める,15594
蒼白い,15593
掃部,15581
坐す,15575
巷説,15565
石斧,15560
逢魔,15555
糸瓜,15554
齧る,15553
小ぢんまり,15550
侘助,15522
脱肛,15502
浮腫み,15499
落葉松,15490
指物,15460
色褪せる,15459
足掻き,15454
土埃,15418
弘通,15407
呑兵衛,15404
掻痒,15394
贋物,15386
笹屋,15377
麝香,15365
模糊,15339
臙脂,15332
較正,15332
兎角,15326
掻き回し,15324
阿羅漢,15307
鵜匠,15298
噛み合わせ,15296
走狗,15293
中篇,15291
百合,15288
纏まり,15285
槍術,15282
聡い,15265
腋窩,15240
茫洋,15224
沈澱,15213
嫉み,15211
窮鼠,15210
友誼,15173
途轍,15170
陰日向,15160
祠堂,15158
鉤爪,15158
罹病,15139
諌める,15137
老爺,15130
茶托,15114
有耶無耶,15113
荒砥,15111
泥鰌,15110
碩学,15101
鱗片,15081
禿げる,15079
兌換,15076
吾子,15058
大龍,15050
賑わす,15045
土竜,15030
膨脹,15029
歯噛み,15011
紡錘,14997
押捺,14992
灌流,14990
躓く,14952
馥郁,14950
振替え,14939
驢馬,14938
壊疽,14936
侵蝕,14929
帝廟,14923
御酒,14919
尖端,14916
懊悩,14910
遇う,14904
淋菌,14903
獅子吼,14870
振付け,14858
壺屋,14844
雛鳥,14839
犬死,14834
経綸,14826
帛紗,14819
淫猥,14811
玲瓏,14805
鸚鵡,14789
聾唖,14788
睨み合い,14784
差支え,14771
産土,14771
麾下,14733
拗ねる,14731
家鴨,14719
呉竹,14714
入唐,14667
薩軍,14652
一人占め,14639
吸出し,14634
篳篥,14627
智者,14617
反古,14608
横溢,14588
松柏,14579
縺れ,14574
転寝,14561
血糊,14559
ケ国,14547
風除け,14544
杏林,14543
流行ん,14541
綴れ,14540
蜉蝣,14515
神智,14513
呆気ない,14512
蚯蚓,14510
白百合,14496
呑み込み,14476
粕汁,14476
騒擾,14476
濾材,14464
抽斗,14438
結紮,14425
慎ましやか,14412
燈篭,14397
直垂,14391
盂蘭盆,14385
鞭打つ,14372
醜女,14364
小父,14363
胡粉,14344
蒸篭,14342
曝す,14324
正鵠,14320
蒼海,14298
活ける,14294
維摩,14275
口吻,14271
積込み,14267
些事,14265
厭う,14256
疑り,14238
篭もる,14232
百舌,14229
燈明,14228
澱み,14217
上巳,14215
寒椿,14208
剥ける,14202
肌理,14202
融ける,14176
仄めかし,14173
況や,14170
脾胃,14153
焚書,14150
恢復,14147
廻転,14143
菅笠,14138
乾坤,14122
階梯,14121
喇叭,14116
綾織,14110
逸る,14097
寝惚け,14094
楊柳,14085
鉗子,14080
誅殺,14037
吸込,14033
穴太,14032
横這い,14024
糸鋸,14016
焼灼,14009
淑やか,14007
山鳩,13997
嬉し涙,13987
覿面,13987
捲れ,13977
倦む,13975
桿菌,13955
石蕗,13953
颱風,13945
阿漕,13903
一入,13892
厖大,13868
函数,13861
亥年,13830
海燕,13822
切通,13817
捌ける,13807
智謀,13784
間近い,13775
掬う,13771
与する,13763
死屍,13750
彼処,13742
伊達巻,13734
奢侈,13733
牡丹餅,13719
五蘊,13714
狐狸,13701
去痰,13690
吊革,13690
跪く,13672
髭面,13665
直心,13629
禿頭,13605
大和芋,13587
博奕,13584
卓袱台,13581
叢生,13565
事蹟,13561
還す,13561
紙魚,13558
膾炙,13558
綬章,13553
木槿,13547
娼妓,13532
頁岩,13531
智徳,13529
瀕する,13512
大叔父,13493
野伏,13490
上溝,13468
賤民,13454
赤錆,13449
併呑,13437
繋留,13427
遅れ馳せ,13410
此岸,13399
剥き身,13391
墜ちる,13382
旗竿,13357
就中,13354
たらば蟹,13344
歩哨,13339
腔内,13329
反撥,13328
駿馬,13328
雛菊,13311
下司,13293
叛逆,13266
苦瓜,13256
寫眞,13251
類聚,13247
夏休,13241
席捲,13213
鯉幟,13211
紐解き,13207
毘古,13201
典座,13184
寂寞,13184
鰻重,13174
軋ん,13157
雛まつり,13147
膏薬,13142
不貞腐れ,13126
杵柄,13124
海老根,13112
腓骨,13109
薨去,13109
磔刑,13100
論叢,13087
撞く,13060
貸越,13053
綴じる,13033
鎮咳,13025
お伽噺,13017
睥睨,13016
八百万,13005
覚り,12988
捌け口,12981
檀那,12961
仮令,12940
雪隠,12929
銑鉄,12927
火消,12905
貰い手,12844
断わる,12841
緘黙,12841
校倉,12832
捏ねる,12830
鎮撫,12817
内腿,12808
むず痒い,12800
祟る,12776
締め括り,12760
丑寅,12755
若年寄,12745
燕返し,12743
熔岩,12696
如何わしい,12690
海嶺,12686
拇指,12685
瑞光,12663
夜鷹,12657
売女,12656
五十路,12651
羅紗,12651
刀自,12639
早月,12632
附き,12628
真直,12624
煤煙,12620
屠る,12601
膵管,12592
頸癌,12585
今日日,12582
梧桐,12573
十六夜,12568
猪子,12566
枸杞,12548
蓑虫,12548
通せんぼ,12512
鳩舎,12511
註釈,12506
腋の下,12501
大鷹,12499
翔る,12496
彎曲,12488
龍笛,12488
泥除け,12483
檜垣,12475
連翹,12464
六朝,12458
勿忘草,12456
娑羅,12454
酢和え,12427
疚しい,12426
笹竹,12422
掻き集め,12417
痔瘻,12414
寒蘭,12409
褶曲,12393
万年青,12381
奨める,12381
焙じ茶,12371
櫛形,12366
間歇,12360
皮剥,12352
総桐,12351
呻吟,12346
傘鉾,12344
申入,12340
三椏,12335
口髭,12327
目映い,12323
蘇鉄,12321
膿疱,12313
田舎っぺ,12302
亡びる,12301
胡乱,12281
女衒,12279
桶屋,12273
馴れる,12270
襤褸,12248
按司,12240
紐付き,12239
東遊,12223
言渡し,12207
三太夫,12198
播く,12177
禿山,12172
雁首,12165
雪掻き,12154
大甕,12147
公孫樹,12141
香しい,12134
燻蒸,12130
撒布,12115
智将,12113
滾る,12113
鮫肌,12105
轢き逃げ,12100
拗音,12073
破瓜,12071
規矩,12067
引越す,12057
天佑,12052
三行半,12045
蒼然,12026
蹉跌,12015
気侭,11992
奉祀,11984
聊か,11967
塩っぱい,11958
桂皮,11953
檄文,11946
片栗,11927
下賎,11925
鎌鼬,11921
雄鶏,11908
積替え,11900
見返,11896
葉腋,11885
烽火,11875
智識,11871
倭文,11862
質す,11850
殺める,11844
舵手,11836
湛える,11832
脚絆,11805
鱗茎,11805
雉子,11795
鬼哭,11788
爛熟,11782
不撓,11775
忖度,11765
干瓢,11755
縞柄,11742
顔貌,11737
不貞寝,11723
連繋,11723
矮性,11722
選り,11709
曝気,11703
炸薬,11693
紐帯,11691
秘蔵っ子,11684
懈怠,11672
浅茅,11668
蟋蟀,11665
当限,11658
真葛,11648
噛み合い,11647
雁行,11647
宗廟,11631
板葺き,11631
団栗,11628
菱餅,11628
遍く,11619
取出,11618
黄粉,11609
木洩れ日,11603
立退き,11601
行李,11601
大凡,11596
気忙しい,11596
外濠,11584
甌穴,11583
斯界,11582
頸管,11574
充たす,11570
柑子,11570
軒昂,11568
宥和,11566
馴染める,11548
注連,11545
緞子,11544
星辰,11542
肉桂,11542
耄碌,11536
靡く,11524
勢子,11512
梳く,11498
聯盟,11495
怨む,11488
顔馴染み,11486
逸物,11476
余所見,11470
浜木綿,11465
鹿子,11460
母衣,11446
舁き,11431
与る,11427
快哉,11426
官衙,11414
姦しい,11413
蹲る,11410
六合,11403
紅葉狩,11403
炒る,11376
瑞祥,11368
糊塗,11367
渾沌,11363
嵌める,11353
鰯雲,11342
擽る,11340
板葺,11333
嵩む,11320
平仄,11311
行平,11308
潅漑,11306
裂地,11303
笹舟,11297
脅える,11287
月極め,11278
悦ぶ,11264
庚午,11256
輜重,11234
橋杭,11223
沽券,11221
瞑目,11216
円やか,11215
凌げる,11215
澪標,11194
落胤,11190
屎尿,11180
四方山,11169
秤量,11157
気魄,11156
小祠,11136
蒸籠,11114
申訳,11108
蕩ける,11100
隆昌,11075
連雀,11068
木耳,11064
足掻く,11056
銀鱗,11045
稀薄,11036
金瓶,11029
屈腱,11022
直衣,11022
脳裡,10993
昂奮,10991
搦め,10972
廻廊,10970
羊歯,10957
繻子,10953
漁撈,10943
青蛙,10937
和琴,10916
纏足,10912
胚乳,10891
究竟,10866
猥談,10850
公娼,10839
三碧,10837
間諜,10830
稔り,10824
騰がる,10824
思す,10822
驕る,10816
伐る,10802
匕首,10783
捩り,10772
雨蛙,10747
瑞垣,10745
競漕,10743
娶る,10741
振分け,10732
茫漠,10724
画く,10718
訊問,10713
阿字,10707
耐蝕,10689
衿元,10688
諒解,10673
馴致,10671
取り纏め,10669
巨躯,10664
俸禄,10651
朝餉,10650
蠱惑,10644
唱う,10640
屍骸,10639
書翰,10636
籾摺り,10607
蔬菜,10593
稀覯,10582
徃來,10579
搦手,10579
猛る,10572
賜う,10570
慰撫,10566
龍飛,10564
叡知,10557
幾許,10555
楊子,10551
鶺鴒,10551
思い遣り,10536
薬缶,10513
弟切草,10503
湯桶,10501
吐瀉,10496
紫蘭,10496
攣縮,10491
満天星,10490
穢土,10480
三羽烏,10472
日蔭,10471
頬擦り,10467
誰何,10463
奉奠,10432
太刀筋,10431
曠野,10429
夜伽,10428
譬喩,10421
瑜伽,10385
鳶職,10382
鍬形,10358
稠密,10349
阿礼,10347
土左衛門,10333
前翅,10332
瓔珞,10328
茣蓙,10326
日溜まり,10324
躁病,10291
妓生,10288
手枷,10288
祓え,10286
仰け反る,10271
腹這い,10269
臥床,10263
逢引,10240
浅蜊,10233
柏手,10229
篭絡,10229
労り,10228
漁り火,10220
厭き,10201
桁行,10200
紛う,10194
封緘,10192
駈ける,10188
嘯く,10186
爆ぜる,10182
智歯,10181
玉蜀黍,10178
晴嵐,10163
嬉し泣き,10161
被い,10160
黄楊,10157
幣帛,10155
戰爭,10146
穢い,10121
焚き付け,10113
輿論,10106
闘牌,10100
鬨の声,10089
哭く,10077
振出し,10064
裂肛,10054
纐纈,10050
碧玉,10032
綴じ込み,10028
和綴じ,10026
実籾,10025
お陀仏,10016
鱗粉,10015
啄木鳥,10010
秘蹟,10004
秋日和,9996
蓮台,9983
松籟,9971
禽獣,9962
草臥れ,9962
繰越し,9958
嵌め込み,9950
偶蹄,9949
迸り,9945
海嘯,9944
切先,9941
野兎,9936
脊梁,9922
朝凪,9917
其處,9908
矮星,9902
帚木,9890
賎民,9885
厭戦,9882
繁み,9879
日之出,9874
戯け,9871
鯛焼,9870
銀狐,9854
目覚,9853
撮す,9851
牽く,9848
僻む,9842
点てる,9839
遺蹟,9815
嬲る,9804
柴垣,9794
龍鳳,9789
閼伽,9785
匪賊,9762
竹光,9761
仕出,9755
卓袱,9751
仇名,9736
峻厳,9726
水呑,9726
包子,9716
苧麻,9711
詰る,9705
轢死,9702
掩体,9693
孵る,9688
濯ぎ,9684
照焼,9684
曳船,9680
坦坦,9673
炬火,9670
此奴,9666
揚羽蝶,9665
毘売,9665
豌豆,9656
淫蕩,9654
除け者,9651
闘龍,9647
阿形,9643
藤袴,9641
跫音,9617
毬藻,9604
舌鋒,9596
急く,9594
吊す,9576
衒学,9576
蹲踞,9559
濾紙,9557
防諜,9551
簀巻き,9534
吝嗇,9530
備讃,9525
臥す,9495
駕篭,9495
突合せ,9493
顛倒,9492
曲尺,9473
雪嶺,9468
會社,9454
田鶴,9451
陰翳,9448
麗らか,9442
薯蕷,9437
逸早く,9434
曰う,9425
讀む,9425
掻き混ぜ,9410
墨蹟,9409
寓居,9409
組み紐,9407
白萩,9400
夾雑,9397
画帖,9389
驕慢,9389
聾者,9376
鏑矢,9349
酒盃,9346
大叔母,9345
註文,9332
濡れ縁,9327
思しい,9325
御髪,9321
悄然,9315
氣功,9313
豆撒き,9312
僭称,9302
縊死,9291
産す,9284
埒外,9274
爾後,9265
知悉,9261
呼名,9258
補陀落,9253
櫓門,9252
由る,9250
慮る,9243
燻り,9243
芝海老,9239
葦毛,9235
囀る,9228
桎梏,9224
題簽,9221
鰐口,9219
慙愧,9218
迂遠,9215
横臥,9214
湯麺,9210
碧空,9208
梁塵,9189
田螺,9179
磯臭い,9178
昔気質,9168
手槍,9166
汲み出し,9165
盗っ人,9163
禍禍しい,9155
尖る,9152
血腥い,9142
硯箱,9140
地祇,9129
戌亥,9126
粒揃い,9124
保ち合い,9123
首魁,9120
午餐,9119
鎖帷子,9114
印綬,9104
苛む,9098
燎原,9096
虞美人草,9096
撞木,9090
妬く,9085
湯女,9084
藺草,9079
被う,9075
沢蟹,9073
齲蝕,9073
甲斐甲斐しい,9059
見廻り,9058
逃散,9057
ケ年,9056
床几,9052
風蘭,9049
楯突く,9048
楊梅,9047
吹雪く,9038
嵩張る,9034
漉し餡,9028
迹門,9028
訝しい,9006
照焼き,8997
耶蘇,8997
捩る,8991
填補,8981
囲繞,8974
濾胞,8957
雄蕊,8957
人心地,8956
蘭方,8956
黴臭い,8950
屹度,8948
葺く,8943
目敏い,8942
木蔭,8939
已然,8934
背負子,8930
俘囚,8928
井堰,8918
鳴物,8912
態と,8902
管絃,8888
膂力,8888
紛い物,8870
浩然,8869
仁侠,8862
侠気,8859
扱く,8855
胡散,8852
瓶子,8838
亡ぶ,8837
寿ぐ,8836
火炙り,8836
措く,8834
眩く,8831
脹脛,8823
虎杖,8818
匿う,8814
蓄膿,8812
項垂れる,8810
穢らわしい,8808
李下,8806
閏月,8787
賎しい,8785
伊和,8765
轢く,8764
焦れったい,8762
言訳,8756
阿房,8752
小鷹,8744
綸旨,8739
臍の緒,8737
片男波,8736
涙脆い,8728
上口,8719
些少,8710
篠竹,8699
擲弾,8685
水沫,8667
奸計,8665
抜書,8663
惹句,8659
突板,8659
除ける,8659
続篇,8657
仕る,8651
交趾,8647
繰入れ,8643
南京虫,8640
叛旗,8640
上臈,8621
奈何,8619
陣笠,8616
醒ます,8614
檀徒,8613
魚鱗,8609
勝鬨,8608
施釉,8602
煤竹,8602
慚愧,8599
註解,8597
掴み取り,8596
渾然,8594
姑娘,8590
醜男,8589
長ける,8583
夭逝,8578
高野槙,8572
賽の目,8570
蛍烏賊,8569
琉金,8568
体腔,8559
譴責,8556
辿れる,8535
咬傷,8533
飴屋,8529
拓ける,8523
以來,8505
閻浮,8499
木乃伊,8491
樺の木,8489
賢しい,8476
選り取り,8456
嗜癖,8448
錦繍,8446
夷狄,8439
鼎立,8424
燕尾,8420
田舎家,8418
韜晦,8415
碧水,8414
九十九折,8394
後翅,8386
忍辱,8381
撰者,8380
綴方,8377
撓み,8372
労う,8365
媚態,8360
疳の虫,8357
一越,8354
追風,8344
惟神,8339
當然,8339
剥げる,8324
什麼,8320
強請り,8320
萎凋,8318
骰子,8312
舐めん,8311
痛痒,8308
沢瀉,8297
痙性,8297
烏滸がましい,8280
咆吼,8277
善知鳥,8277
寵姫,8268
宣う,8256
影向,8253
公魚,8248
掴まる,8243
旗幟,8239
乱杭,8237
海蝕,8233
梁間,8218
注連飾り,8215
厭わしい,8204
立葵,8203
浩瀚,8202
水主,8189
海豹,8186
後退り,8181
祥瑞,8181
前栽,8179
成行き,8171
選り抜き,8168
孵卵,8161
祖廟,8157
黄綬,8155
鳳雛,8151
蛞蝓,8149
嵌入,8148
蓬生,8143
陸屋根,8127
果敢ない,8117
彼是,8109
鳥子,8107
社稷,8087
劫火,8075
侏儒,8064
靱性,8058
湯槽,8045
悦ばしい,8044
扇ぐ,8041
擽ったい,8032
荒み,8026
躱す,8026
蛇蝎,8018
皺寄せ,8012
松笠,8010
唐櫃,8009
強請る,7999
辰己,7995
須らく,7989
釜茹で,7988
鉄炮,7987
吊り革,7965
妓楼,7953
憚り,7949
馨しい,7934
枳殻,7926
縒り,7911
鬼蜘蛛,7908
辣油,7896
輿地,7895
捗る,7892
涌く,7887
継ぎ接ぎ,7885
厚誼,7877
白鞘,7867
禿鷹,7867
讀物,7865
無聊,7863
明烏,7857
鞘取り,7857
暈し,7850
世迷い言,7848
雑駁,7846
眷族,7845
湊町,7834
鱗状,7826
仄聞,7819
腑甲斐無い,7816
普く,7808
海苔巻,7808
側臥,7807
雲霞,7807
翳す,7804
血痰,7804
萌出,7801
疝痛,7794
利酒,7792
瘀血,7790
忿怒,7788
羂索,7786
口喧しい,7785
掴み所,7782
焙烙,7776
予て,7773
十姉妹,7767
おが屑,7765
緘口,7760
謗り,7755
漉す,7753
糺す,7753
踏絵,7750
陀羅,7750
琉璃,7749
一頻り,7743
晒せる,7741
畸形,7741
鼻梁,7739
風塵,7738
烏瓜,7732
眩惑,7731
擂鉢,7725
石鏃,7725
搗く,7721
燻る,7712
凛凛しい,7707
兇悪,7700
生甲斐,7694
杜鵑,7690
笠森,7688
往き来,7678
自彊,7675
釘抜き,7672
疾しい,7666
君子蘭,7664
添寝,7655
涸れる,7638
打瀬,7634
聖廟,7630
均しい,7628
高麗芝,7621
古狸,7617
鳳輦,7617
住込み,7607
雲呑,7599
翠玉,7598
糊口,7597
編笠,7596
物怪,7595
鹿砦,7572
海胆,7570
蔓草,7568
弘誓,7564
吶喊,7560
点す,7552
教誨,7538
水母,7537
征矢,7533
生す,7533
伴天連,7531
頸髄,7530
薩英,7527
脳漿,7526
苔むす,7523
同衾,7515
投錨,7511
大原女,7509
蟇股,7508
檀林,7504
論駁,7503
肯く,7490
按ずる,7486
煽て,7486
羽蟻,7483
摺る,7480
二人静,7479
膵島,7473
溜り場,7472
益荒男,7472
賑わしい,7466
朋輩,7460
氷嚢,7458
滂沱,7454
怨めしい,7448
白毫,7448
人馴れ,7446
瀉血,7445
贖う,7444
藍綬,7440
上がり框,7428
肝煎,7428
爺むさい,7426
漕げる,7416
燕子花,7414
流行り廃り,7403
會館,7402
粗目,7401
胎嚢,7396
蠢動,7391
咎人,7389
嘗める,7385
槍投げ,7384
求法,7379
頬袋,7377
料簡,7363
木鐸,7362
言伝,7356
汐路,7355
漉く,7353
緋鯉,7350
蓑毛,7349
琉歌,7347
畏れおおい,7336
瑞瑞しい,7335
真青,7334
入洛,7321
蒼生,7319
峻険,7306
物淋しい,7300
口真似,7297
異い,7291
峻烈,7289
苧環,7285
図図しい,7282
毀れ,7277
精しい,7275
瞋恚,7270
花崗,7269
聯想,7263
辻占,7260
鈿女,7258
寵臣,7249
宿木,7243
臥牛,7242
諷詠,7241
追い剥ぎ,7241
瘡蓋,7237
白樫,7236
恙無い,7235
木遣,7232
砂洲,7225
自棄酒,7223
没薬,7221
証憑,7220
伊呂波,7218
堆朱,7209
袢纏,7207
悪しい,7199
奇瑞,7198
葺石,7197
不束,7186
郎子,7184
俎板,7172
哀しむ,7163
筺体,7160
糾す,7159
なまっ白い,7154
隈取り,7152
慰藉,7142
水鶏,7142
糠漬,7141
忝ない,7132
轟轟,7128
紙漉,7126
随神,7124
拇印,7122
御行,7116
梓弓,7115
痩躯,7097
野蚕,7096
もの淋しい,7087
皇神,7083
砕屑,7083
三十一文字,7082
旅篭,7075
点る,7074
訪う,7070
囂しい,7051
洒落臭い,7033
樣子,7032
委しい,7025
閃緑,7023
一の酉,7021
酷しい,7018
真蹟,7017
魚子,7013
病葉,7007
遁世,7006
労しい,6998
残り多い,6993
儀仗,6992
追込み,6986
下拵え,6985
姫百合,6984
白楊,6984
雄渾,6982
栄螺,6981
水計,6978
膏肓,6978
田舎者,6975
茴香,6974
訝る,6974
亙る,6972
矢絣,6972
傭船,6968
吝い,6963
腥い,6960
畢生,6959
雛祭,6958
妾腹,6944
糯米,6944
膵液,6938
噤む,6937
而今,6936
残多い,6932
滄海,6924
掠り,6922
珪砂,6920
交誼,6915
日溜り,6911
中る,6908
薙ぐ,6907
慷慨,6906
一人子,6899
践祚,6899
ちょび髭,6897
蝦蛄,6896
鵞鳥,6895
蓮華草,6886
行手,6885
見通,6882
伏目,6880
萌葱,6880
生っ白い,6869
胚珠,6864
尖鋭,6860
想える,6858
追越し,6856
這入る,6856
咳き,6853
立錐,6849
竣功,6847
浮游,6846
早蕨,6843
遊侠,6842
蚕豆,6840
竪坑,6839
鄭重,6839
馬手,6838
日向ぼこ,6830
狡っ辛い,6830
均す,6828
碾茶,6825
擂り,6821
贋札,6818
面舵,6817
鞍掛,6817
廟堂,6815
屑屋,6811
秋海棠,6808
野狐禅,6804
月の桂,6799
目釘,6793
則る,6791
穢らしい,6783
弛い,6779
熟柿,6779
鉄兜,6777
恐れおおい,6775
逼塞,6775
睦言,6774
馴れなれしい,6768
もの凄まじい,6766
攫う,6766
符牒,6765
戦塵,6764
畏多い,6760
背嚢,6754
砂嘴,6753
うら淋しい,6752
溢水,6749
奸臣,6744
薫物,6743
纏まる,6742
煥発,6731
瘻孔,6724
碇泊,6722
掏摸,6719
癩病,6714
悋気,6709
椋鳥,6708
小雀,6702
貯える,6701
日向臭い,6697
巡錫,6694
後朝,6694
狸穴,6694
溯る,6670
絡繰,6667
鳩胸,6667
誂える,6659
腑分け,6657
粘強い,6645
吊れる,6639
煩瑣,6635
伏臥,6628
山嶺,6627
四十雀,6626
歿後,6622
警邏,6610
勇魚,6608
唐茄子,6603
紊乱,6598
一人静,6597
惻隠,6590
漿液,6588
椿事,6586
懶い,6585
矍鑠,6581
看做す,6578
寝穢い,6573
木通,6569
輔弼,6567
馴化,6563
軽佻,6558
一欠片,6557
智力,6555
瑞枝,6554
石突,6543
碁笥,6543
青鞜,6538
二の酉,6537
尿瓶,6530
爬虫,6526
苦力,6524
屈む,6523
野薔薇,6521
こっ酷い,6520
雨霰,6519
堡塁,6514
糟糠,6510
梅雨晴れ,6507
孩児,6503
毫も,6503
挫ける,6490
珪石,6489
偃月刀,6486
寛恕,6486
遽しい,6474
男滝,6473
垂迹,6469
淡竹,6464
馬尾,6461
残惜しい,6459
捗ばかしい,6454
物凄まじい,6448
清すがしい,6446
いけ図図しい,6445
庵室,6445
證券,6444
詫びしい,6440
疳高い,6434
鹸化,6432
狡っからい,6421
蟻塚,6415
汲める,6412
耀かしい,6408
粗朶,6407
荒む,6406
粕取り,6403
撥音,6399
聰い,6391
懈い,6389
捗捗しい,6389
永訣,6389
鱗翅,6385
報せる,6383
胞衣,6381
沓形,6376
吝か,6375
男男しい,6374
蚊遣,6373
鴟尾,6370
月桂,6366
遠眼鏡,6363
弛む,6362
鳥篭,6362
廻れる,6361
敢無い,6358
雇傭,6358
猥りがわしい,6356
揮う,6341
湯垢,6338
猛猛しい,6336
耀く,6333
石槨,6325
賑にぎしい,6321
中り,6319
末木,6314
柳葉魚,6310
狡辛い,6296
疑深い,6291
豆粕,6290
信天翁,6287
仄めかす,6286
馨る,6285
微温湯,6282
黴菌,6281
起請,6269
断乎,6268
継しい,6267
出稼,6258
隈取,6256
恐多い,6255
養鰻,6253
毛抜,6249
放擲,6248
歸國,6247
昼餉,6245
馴なれしい,6244
穢れる,6241
這いずる,6241
劈く,6240
屑鉄,6240
敢ない,6236
漫畫,6235
辿たどしい,6234
掩蔽,6232
灼か,6231
辮髪,6231
遺る,6226
鱈子,6218
腹穢い,6217
賑賑しい,6214
毒蛾,6212
剥皮,6211
国神,6203
枉枉しい,6191
霍乱,6190
档案,6187
頬紅,6186
掉尾,6183
斃死,6176
立寄,6173
唐箕,6172
惣門,6167
叢林,6164
桧木,6163
附く,6163
檳榔,6156
踏面,6151
在す,6142
剥片,6140
猛だけしい,6138
汀線,6136
袴着,6135
橄欖,6130
火遁,6121
燦爛,6119
白瓜,6115
修祓,6106
鯉こく,6102
煮凝り,6101
抉れ,6099
禍まがしい,6099
卵嚢,6097
茹だる,6096
萱草,6096
牢番,6094
梅醤,6087
枕頭,6086
狐憑き,6082
樽屋,6078
草葺,6062
象る,6059
須臾,6059
耳聰い,6053
校合,6052
彼此,6042
小鴨,6040
煉り,6033
水嵩,6016
撞着,6015
祟り目,6015
屠場,5999
磁歪,5999
按察,5993
水捌け,5993
希う,5983
此の方,5977
白皙,5976
五倍子,5971
綽名,5970
野老,5969
射つ,5968
娩出,5962
轟かす,5959
繰出し,5956
男木,5955
検屍,5952
癌腫,5949
吃り,5942
根柢,5935
妓女,5933
溜る,5930
蕉門,5930
慈姑,5927
昵懇,5926
垢離,5921
お巡り,5919
飛蝗,5913
叩頭,5899
撫ぜる,5899
花筐,5896
夙に,5894
鬼百合,5891
雌蕊,5884
贋金,5882
自惚れる,5870
發見,5869
旧蹟,5867
妻妾,5864
悶死,5861
悖る,5857
赤熊,5851
鎧戸,5850
蓮葉,5849
名妓,5843
凛凛,5842
滅茶,5842
胃の腑,5841
燕雀,5840
五加,5839
殺ぐ,5838
訳註,5834
胎仔,5833
野太刀,5832
木菟,5822
喪う,5820
漕手,5818
檀紙,5802
大鋸,5797
潰える,5789
片木,5787
衒い,5787
空咳,5786
地曳,5781
灌仏,5779
熔接,5777
燕麦,5772
雁皮,5763
咬筋,5761
天降り,5759
昏迷,5759
無礙,5751
船渠,5751
宜しゅう,5749
翳る,5742
亡ぼす,5738
人攫い,5738
三の酉,5735
裂帛,5735
木偶の坊,5732
巷談,5731
雌鳥,5731
赤蜻蛉,5718
萎む,5715
悪足掻き,5695
嗣ぐ,5692
請来,5692
痴れる,5685
凛然,5684
天鵞絨,5684
殺陣師,5684
宜しき,5678
山梔子,5673
梶木,5671
猿猴,5671
頌徳,5666
簀子,5663
邀撃,5663
出捐,5657
どら息子,5646
仙人掌,5643
迫り出し,5642
按手,5640
狸囃子,5638
堪え性,5637
恬淡,5637
紅雀,5636
縄梯子,5632
熔融,5631
上達部,5627
弥次郎兵衛,5610
綴織,5609
被れる,5609
欽定,5606
蔗糖,5605
踏込み,5602
文苑,5601
瀉心,5600
隊伍,5598
鍬入れ,5594
遣り繰り,5583
劈頭,5581
況して,5575
不羈,5573
誣告,5572
洒落本,5563
お萩,5562
利鞘,5554
小癪,5553
働き蟻,5552
巨蟹,5549
余禄,5540
駝鳥,5539
猩猩,5537
貰い泣き,5529
直播き,5528
退る,5527
撞球,5526
讀者,5524
活溌,5519
喋ん,5515
誹り,5508
鼻摘み,5507
梟雄,5505
水垢離,5505
手解き,5504
白粥,5501
石塊,5501
蟻酸,5497
緑蔭,5495
甘蔗,5494
粟立つ,5494
竦む,5482
突当り,5481
水溜,5479
胚胎,5479
綜絖,5475
煽情,5474
雜誌,5472
白駒,5470
遊蕩,5470
覚る,5464
賜わる,5464
別ける,5462
清汁,5458
大鉈,5441
燻す,5441
炒り豆,5439
真菰,5438
緞通,5434
蟠り,5424
迫間,5424
屈める,5414
打擲,5412
濾す,5408
赤樫,5407
巻藁,5405
撥ねる,5404
警策,5403
跋文,5403
諌言,5401
固陋,5388
倶舎,5382
曹達,5382
接ぐ,5380
一纏め,5377
小止み,5375
馭者,5375
石筍,5374
學ぶ,5373
爪牙,5370
灼く,5369
姥神,5368
船泊,5367
粟粒,5365
丁髷,5364
他人事,5364
廻国,5359
頌歌,5348
討手,5347
朗誦,5345
磯浜,5341
生玉,5336
私娼,5335
木訥,5327
窘める,5320
蓚酸,5320
虎狼,5311
切屑,5310
日嗣,5308
裾除け,5308
入牢,5306
諒承,5303
荒屋,5302
木蝋,5295
冠木門,5286
祐筆,5283
滲みる,5276
金蔓,5269
祓戸,5267
吊し上げ,5263
朧夜,5261
古強者,5259
労咳,5253
僑胞,5252
透る,5251
餅搗き,5250
油蝉,5248
掻爬,5244
真鴨,5244
八十路,5243
競べ,5243
瀝青,5242
疱疹,5242
脇息,5242
蕉風,5241
筮竹,5240
改悛,5235
阿鼻,5230
女犯,5221
身動ぎ,5221
五月晴,5220
今際,5219
防蝕,5209
軽躁,5207
荏胡麻,5204
撒ける,5201
念誦,5198
白南風,5194
小皺,5192
姦計,5182
凌霄花,5177
偸盗,5172
梅桃,5163
健啖,5162
附ける,5162
味酒,5159
棒鱈,5156
託け,5153
開鑿,5153
慮り,5144
踏台,5143
昂進,5142
火桶,5139
救ける,5136
怯懦,5134
語部,5131
茶筌,5125
飲屋,5124
濫觴,5119
綺談,5117
毒茸,5115
諮詢,5110
転ける,5108
出涸らし,5105
啄む,5102
笑窪,5099
淀む,5080
護れる,5079
櫛笥,5078
子癇,5077
菠薐草,5076
黄泉路,5076
割出,5070
気圧される,5068
嗄声,5054
藁葺,5054
見栄張り,5049
馴らす,5048
一八,5045
天翔る,5040
反橋,5036
揉み手,5035
穢す,5031
危殆,5030
餡蜜,5027
野鶴,5022
合い挽き,5021
外篇,5016
膵頭,5016
幔幕,5015
飄然,5008
山窩,5006
水掻き,5005
毬栗,5004
栗石,5003
霊柩,5003
不壊,4997
平伏す,4995
布海苔,4989
茘枝,4987
股肱,4986
高御座,4981
ふくら雀,4972
小篆,4970
伐つ,4968
紐付,4968
浸蝕,4967
糜爛,4962
高坏,4962
水雲,4953
嗜める,4949
堪る,4949
獨立,4949
拵える,4948
鷦鷯,4942
已上,4941
凍みる,4939
人真似,4937
昂然,4928
芋茎,4920
捺す,4913
木挽き,4912
宸翰,4909
小布,4906
竿竹,4905
欣求,4903
氣持,4902
烏有,4902
臘梅,4902
俗諦,4901
南京豆,4894
芋粥,4893
汚穢,4890
別誂え,4889
漿膜,4885
草摺,4882
綵絵,4880
活き餌,4875
揉みくちゃ,4874
撒餌,4869
了簡,4867
見栄っぱり,4866
沈渣,4864
忽然,4862
掩護,4859
神指,4859
發表,4855
寄寓,4853
衣桁,4851
小萩,4847
硼素,4846
翠色,4846
護謨,4844
錦紗,4837
裳裾,4834
抜刷,4831
購う,4826
駘蕩,4826
糧秣,4825
妾宅,4823
積重ね,4822
僭主,4819
硯石,4815
氣分,4805
空巣,4805
水取,4800
細波,4800
掠れる,4798
烏口,4798
摘蕾,4797
寄人,4794
將來,4787
頓智,4787
確乎,4786
衣更え,4786
囃す,4780
呷る,4778
小判鮫,4771
辻子,4771
狼狽える,4770
桂冠,4769
雨避け,4764
矜恃,4763
翰林,4760
ケ条,4759
公役,4757
海老茶,4757
宏大,4756
惚ける,4755
弁える,4747
撰述,4744
繰延べ,4739
鉱滓,4739
身嗜み,4738
鶴首,4736
螻蛄,4734
瘋癲,4730
丸髷,4725
五月闇,4725
田畠,4725
保合い,4722
鰻登り,4722
虱潰し,4719
崛起,4715
瑞応,4714
偏頗,4711
拱手,4703
封蝋,4701
成立ち,4699
針鼠,4699
歓ぶ,4695
六十路,4694
真鯉,4694
御籤,4688
嘶き,4686
孩子,4672
理智,4672
闡提,4670
皺くちゃ,4668
金鵄,4667
妖姫,4665
銅戈,4656
綾なす,4652
拠所,4649
病臥,4646
壟断,4642
遣水,4635
研き,4634
涌出,4633
珪化,4630
盧遮那,4629
青笹,4628
花鶏,4623
厨芥,4622
蕩尽,4619
酸漿,4612
華胥,4610
智勇,4603
疝気,4603
天祐,4601
小手毬,4600
絨緞,4600
裨益,4600
嬲り殺し,4599
飛礫,4599
干戈,4591
予餞,4588
骨牌,4588
青桐,4585
巫山戯,4584
境い目,4578
燔祭,4574
碾き,4574
紆余,4566
龍舞,4564
悉曇,4563
馘首,4562
石斛,4559
雀蜂,4559
能う,4556
桐畑,4555
内訌,4550
逸らせる,4549
中弛み,4544
杣山,4543
柳絮,4543
濯ぐ,4541
佳肴,4537
只事,4537
歎息,4533
琉舞,4533
静坐,4532
素木,4531
逢着,4531
發展,4523
膿胸,4520
縷縷,4519
鷲鼻,4515
弾除け,4509
紋紗,4508
楔状,4507
涌き水,4500
布く,4499
厩肥,4493
慫慂,4490
掴まえる,4490
拘わる,4485
浚い,4476
酔い心地,4474
竜舌蘭,4470
阿る,4464
助兵衛,4461
為さる,4458
俯仰,4457
童蒙,4457
雪花菜,4457
誘ひ,4455
熨斗目,4454
熾す,4454
まっ青,4446
媽媽,4446
沙魚,4442
銀鼠,4441
古蹟,4439
蓑笠,4431
而立,4429
流涎,4427
水甕,4426
鼻茸,4426
具える,4425
苟も,4424
奸雄,4421
阿諛,4418
宣撫,4417
箒星,4417
腋芽,4417
才智,4416
焜炉,4410
櫛目,4408
帰洛,4407
咸宜,4401
下廻り,4397
溺れ死,4394
罌粟,4394
踏板,4394
粳米,4393
旭光,4386
掣肘,4383
戊子,4382
宿痾,4376
弓箭,4374
挽物,4374
磊落,4372
迦陵頻伽,4370
煌煌,4368
騾馬,4363
太棹,4358
蟯虫,4358
訓詁,4358
頬被り,4356
謗る,4355
欺罔,4354
首縊り,4354
総角,4353
感歎,4347
煤払い,4347
痘瘡,4346
霰粒,4345
譚詩,4344
澱む,4343
雪ぐ,4339
鳥兜,4338
奇しき,4337
蝌蚪,4336
吸玉,4334
満腔,4334
川原石,4332
凱陣,4331
叮嚀,4330
餡掛け,4328
鋭鋒,4327
挿花,4317
澎湃,4317
區別,4316
專門,4316
潅流,4312
智略,4311
貔貅,4309
畸人,4306
柄行,4304
苫屋,4304
送り狼,4303
妬ける,4299
花篭,4299
街娼,4299
胼胝,4297
咬める,4296
滾り,4293
微睡む,4292
水漬く,4292
共棲,4288
松魚,4288
章魚,4287
凹ます,4286
紋白蝶,4284
繰糸,4284
落窪,4284
手燭,4283
息吹く,4282
溶銑,4282
曳網,4280
桐一葉,4279
炭団,4276
狷介,4276
飯蛸,4275
氷る,4272
容喙,4271
憑物,4271
梯団,4271
若死,4271
笠石,4270
裏漉し,4259
華鬘,4258
瀉下,4257
伶人,4256
宝積,4253
恰度,4251
擦傷,4250
梳毛,4249
試驗,4245
鍼療,4244
潜戸,4242
佇立,4240
經驗,4239
鎮痙,4234
充溢,4230
愚禿,4229
手廻し,4229
穿通,4229
躁転,4227
遊戲,4226
揉み上げ,4225
魚篭,4222
撰文,4221
投槍,4216
放埒,4216
食中り,4215
束子,4207
毛槍,4203
大伯父,4198
砂糖黍,4195
愛し子,4191
梵我,4191
梟首,4190
倭名,4187
呵呵,4184
巨魁,4183
看経,4182
藁灰,4182
稀釈,4180
柴刈り,4176
神憑り,4174
三巴,4173
振盪,4170
唐黍,4165
恐懼,4161
漢奸,4161
杉苔,4160
蜚語,4156
擽り,4152
弯曲,4149
晦渋,4148
卯木,4147
炊爨,4146
灰塵,4142
寄道,4141
行縢,4133
會議,4132
詣る,4132
火燵,4131
本裁,4127
魁偉,4126
脾腫,4122
落魄,4122
寒晒し,4119
侵掠,4118
瞥見,4118
洟垂れ,4117
發達,4117
鉄漿,4117
娼家,4113
摩る,4110
輓馬,4107
濾液,4104
遷す,4103
厥陰,4101
僑報,4100
膠質,4100
鳩笛,4094
圧す,4093
垣間みる,4093
戯論,4093
分葱,4092
凪ぐ,4090
鹹水,4090
蝙蝠傘,4089
滄浪,4086
傾ぐ,4078
兇器,4078
譬える,4078
英邁,4077
錨鎖,4077
截金,4075
乙夜,4071
榛の木,4069
対蹠,4067
摸索,4063
幽邃,4061
野鼠,4060
中砥,4054
凭れる,4053
佇つ,4050
拗れ,4049
簀の子,4043
蹶起,4042
觀念,4041
付け髭,4039
矮鶏,4039
蔽う,4039
褪せる,4039
融かす,4038
猪突,4036
笹竜胆,4035
螳螂,4032
蘚苔,4029
惡魔,4026
血汐,4026
気嚢,4025
手真似,4016
梳かす,4016
吸口,4015
太刀持ち,4013
斑猫,4008
荷為替,4005
長袴,4004
六腑,4000
碧雲,4000
大伯母,3999
零余子,3998
黄燐,3998
縞目,3997
譫妄,3997
銜える,3996
日保ち,3990
小半,3988
磨る,3988
脹ら脛,3988
此の間,3984
釘抜,3984
訛る,3981
痒疹,3980
駿足,3980
焦れる,3978
戦歿,3977
葺替え,3977
這松,3976
渺茫,3975
摘み食い,3974
被衣,3971
喃語,3968
後ろ楯,3965
肥る,3964
華燭,3963
嗜眠,3961
蝟集,3959
世嗣,3957
正餐,3957
忍草,3952
山砦,3951
投げ遣り,3951
雲梯,3950
走井,3944
浮腫む,3943
入声,3942
俚諺,3940
三竦み,3939
尖らす,3939
蓴菜,3939
伊達者,3938
大廈,3927
蔽い,3922
恥曝し,3921
口訣,3920
誦経,3915
闘諍,3914
煤塵,3913
展翅,3911
奠都,3906
蒸かす,3905
詠人,3905
北狄,3904
猖獗,3898
掃蕩,3897
悴む,3895
挌闘,3893
薮蚊,3893
失せ物,3892
蓮っ葉,3892
清か,3888
穴生,3887
溝渠,3882
剥す,3881
轟然,3881
薬玉,3880
股座,3878
鱗屑,3878
葦笛,3877
檀越,3872
綯う,3872
梃入れ,3871
濡髪,3871
俯角,3870
諂う,3870
悉有,3868
憾み,3868
萎れる,3868
活花,3867
年嵩,3866
孵す,3865
蜈蚣,3864
水抜,3861
瑞兆,3861
嫉む,3859
牛蛙,3858
頻り,3857
立女形,3853
領巾,3853
米櫃,3850
乃公,3849
水禽,3849
後胤,3848
左団扇,3846
野晒,3843
卑賤,3833
轢殺,3827
蹂躪,3824
巻積雲,3823
痴れ者,3822
貪婪,3821
撰ん,3820
退嬰,3819
刈萱,3818
瀟湘,3818
蘭医,3817
桧扇,3815
炯眼,3812
巨龍,3811
高粱,3811
賑わせる,3810
紬糸,3808
弗素,3805
蘭鋳,3801
生立ち,3800
列ぶ,3799
喚ぶ,3794
藤蔓,3794
摘み菜,3789
真前,3789
磯魚,3789
肺腑,3788
法蓮草,3787
苗圃,3787
乙矢,3786
川蝉,3782
余所行き,3779
入渠,3778
佩刀,3773
撓む,3773
回漕,3772
土牢,3772
度胆,3771
初太刀,3770
羚羊,3765
落屑,3763
輪廓,3760
通草,3760
蹈鞴,3758
吃る,3756
帯鋸,3755
魯鈍,3754
面皰,3751
豆汁,3748
陸棲,3747
機智,3746
追剥,3746
甦生,3744
印す,3742
散楽,3739
危險,3734
団団,3734
手弱女,3731
飽く迄,3730
窄まり,3721
万朶,3717
籤運,3713
毟る,3712
笹身,3708
中臈,3705
戯れ事,3702
洲浜,3701
穫る,3700
譲葉,3700
敗ける,3698
繙く,3696
捲れる,3692
挺進,3690
莫逆,3688
鋪装,3685
空穂,3682
赤埴,3682
都鄙,3682
大角豆,3681
凍豆腐,3678
蛇苺,3677
方違え,3675
枡席,3671
西戎,3669
雷霆,3665
孝悌,3661
戀愛,3660
罨法,3659
硼酸,3656
蕩減,3654
遊弋,3651
白粉花,3650
刺股,3649
逐う,3649
炙り出し,3647
研く,3647
嵩高,3646
梯子段,3644
穿鑿,3644
持越,3643
智能,3643
臥せる,3642
震盪,3638
佩用,3635
祝祷,3634
海鼠壁,3633
戦く,3632
火除,3632
繃帯,3626
隕鉄,3623
紺綬,3622
捩れる,3619
根競べ,3617
梯子乗り,3615
呑屋,3613
乾す,3612
斯道,3610
日雀,3610
沁む,3609
鳥追,3608
山襞,3606
濡場,3604
俯け,3602
剥脱,3597
湮滅,3597
蝴蝶,3597
稗史,3595
綸言,3594
藁屋,3594
柞原,3593
呑吐,3592
試錐,3588
旅烏,3585
弛める,3584
脾経,3583
撫で肩,3576
鉦鼓,3573
剽軽,3572
馬鞍,3571
彼の世,3570
祠官,3568
血膿,3568
茅屋,3567
呼鈴,3566
戦き,3563
準え,3562
蘿蔔,3559
辣韮,3555
叛徒,3553
颶風,3553
剪除,3551
撚り糸,3550
腰蓑,3548
洗滌,3545
消渇,3541
賞牌,3538
正坐,3536
盥回し,3535
譫言,3533
辻番,3532
逗葉,3532
忌諱,3530
手編,3529
擂る,3526
臘八,3526
扼殺,3525
彷書,3517
慥か,3517
烏頭,3515
白堊,3515
尖峰,3511
経帷子,3510
荊棘,3510
虞犯,3501
醴泉,3501
倦厭,3500
男伊達,3498
果せる,3497
衒う,3495
伍する,3493
要訣,3492
法花,3491
鞘当,3491
橈側,3487
麹屋,3486
編上げ,3484
陋巷,3481
軈て,3478
往ける,3477
幅跳,3474
巫術,3472
懶惰,3471
麦稈,3468
冠木,3466
力瘤,3463
手負,3461
權利,3460
重祚,3460
掻揚げ,3455
聚落,3455
手懐ける,3452
復仇,3451
轢断,3451
釘隠し,3451
耽読,3449
干鰯,3447
頭陀,3447
黒百合,3446
弑逆,3445
参篭,3443
土匪,3443
恁麼,3441
施灸,3436
恵比寿講,3434
国訛り,3430
繋がん,3430
謦咳,3430
点睛,3427
山毛欅,3426
花簪,3426
飛竜頭,3422
天稟,3421
繼續,3419
時化る,3417
特輯,3416
巻層雲,3411
躯幹,3407
蒼蝿,3404
狡兎,3403
鋪道,3401
叡慮,3399
慳貪,3399
溢流,3397
悔過,3391
牛膝,3389
蹌踉,3389
嫣然,3388
金牌,3388
聨合,3385
叛意,3384
括れる,3383
気焔,3383
花筵,3383
跋渉,3383
山雀,3382
馬廻り,3382
祓詞,3380
襁褓,3375
含嗽,3374
萌し,3373
金盥,3372
木太刀,3369
研師,3369
傲り,3367
嚢中,3367
隈笹,3367
桐油,3363
鷺舞,3360
弘める,3358
蒼茫,3355
不馴れ,3354
手捌き,3354
稔る,3354
廻せる,3353
膺懲,3349
蟹股,3348
鳶尾,3347
大櫛,3346
對象,3341
讒謗,3341
彫琢,3334
岩茸,3333
叩打,3331
三葉,3328
濃やか,3328
糊代,3327
炮烙,3326
棉花,3323
萌やし,3323
言伝え,3323
濡衣,3321
花鰹,3319
尺土,3317
縹渺,3317
性慾,3316
水松,3315
榕樹,3312
赤蛙,3312
指相撲,3311
闡明,3309
桧皮,3307
一碧,3306
證據,3306
下穿き,3302
迦羅,3302
綯い交ぜ,3301
坐する,3300
筆蹟,3300
瀰漫,3299
縺れる,3299
燐鉱,3297
焚口,3295
扁鵲,3285
紙縒り,3285
抗える,3284
姥桜,3281
椋の木,3281
祢宜,3280
柳樽,3279
荒布,3270
敲く,3269
炊屋,3269
苹果,3268
柏もち,3266
素襖,3264
払子,3261
諤諤,3261
犬掻き,3257
択ぶ,3256
鞨鼓,3256
寄合い,3247
撓る,3247
剪紙,3245
歎願,3239
何首烏,3237
綴れる,3237
鳩目,3237
茅花,3235
総べて,3234
蓬髪,3232
来駕,3230
烟草,3230
焚付,3226
鶏肋,3225
吃水,3224
土鳩,3221
憑霊,3215
掴み合い,3214
遺誡,3213
揉捻,3211
鈴生り,3210
昂る,3199
擂り鉢,3194
戦慄く,3193
木樋,3193
依怙地,3188
藩屏,3187
槍衾,3184
經營,3184
炊合せ,3182
魚籃,3179
鮨詰め,3179
河面,3177
論攷,3175
珪質,3173
衛戍,3173
膝行,3170
都邑,3170
鳩首,3169
寸毫,3168
摘草,3168
雁が音,3168
大鋸屑,3166
惨澹,3166
一擲,3165
探湯,3165
梶棒,3163
誹諧,3163
酢漿,3162
地廻り,3160
真蛸,3156
被りもの,3156
本圃,3151
掠る,3150
黄塵,3150
抱合せ,3147
止す,3147
罫紙,3147
蘭書,3147
黄櫨染,3145
翠緑,3144
生蕃,3140
琉拳,3139
部屋割,3139
玩ぶ,3136
見廻,3136
棹さす,3133
痙縮,3132
吾妹子,3130
緬羊,3129
廻らす,3128
奸智,3126
庄園,3126
割栗,3125
堪ん,3125
宛然,3123
蝋石,3120
盲唖,3119
平蜘蛛,3115
犬走,3115
喧喧,3112
楚歌,3111
截然,3110
槍烏賊,3108
綾取り,3108
潜り戸,3107
島宮,3104
粒選り,3104
霖雨,3104
出来す,3103
膿汁,3102
序品,3098
遼遠,3096
病犬,3095
猫被り,3093
羯鼓,3093
塩揉み,3091
書痙,3091
茄子紺,3089
佩楯,3088
金鍔,3078
草葺き,3077
情強,3076
滔滔,3075
烏兎,3075
栄耀,3074
米搗き,3072
石女,3070
頬白,3070
熾火,3065
適える,3065
内苑,3060
別墅,3059
恐惶,3059
遅蒔き,3059
金鳳花,3056
障礙,3055
ぐしょ濡れ,3054
纏綿,3054
什物,3053
貰えん,3053
朔風,3052
温気,3052
發言,3052
常磐木,3050
見越,3049
踏段,3049
抛棄,3046
猪首,3045
山成,3043
蛮夷,3041
拗れる,3040
傷痍,3037
酒槽,3031
鶴嘴,3031
饕餮,3030
誑かす,3028
金盃,3025
嗄れる,3023
雄鳥,3022
降雹,3020
花相撲,3015
蔦紅葉,3015
名苑,3014
狂瀾,3012
明明後日,3011
陪塚,3010
雀斑,3010
光耀,3008
狸ばやし,3006
餓える,3006
焙る,3005
三ッ星,3004
お玉杓子,3002
角樽,3001
薮蛇,2999
熔解,2994
猿廻し,2994
蒼蒼,2994
垢擦り,2993
俚言,2991
溌溂,2991
繋る,2991
解れる,2988
鋒鋩,2988
葉蘭,2986
副える,2983
嘶く,2983
槿花,2983
貰いもの,2980
辣椒,2973
賤業,2972
端坐,2969
赫赫,2966
白絣,2965
膵内,2958
遊部,2958
流行らす,2957
頃日,2955
突出し,2954
流謫,2950
熊鷹,2950
場繋ぎ,2948
赤茄子,2948
歯朶,2947
嚮導,2945
沃素,2938
勅諚,2934
貯溜,2931
濾水,2926
熊の胆,2926
食慾,2926
握飯,2925
埴土,2924
小禽,2924
撰ぶ,2923
絽刺し,2923
解せる,2923
瑕瑾,2922
言祝ぐ,2920
桂庵,2919
醫學,2917
處女,2916
円か,2913
眼睛,2909
繋辞,2906
引き攣り,2905
詭計,2905
吉左右,2902
威す,2900
烏鷺,2898
磐戸,2893
勝ち鬨,2891
捻れる,2891
押し並べて,2889
魘される,2889
曳き船,2888
逆上せ,2887
梵網,2886
一昨昨日,2885
絹紬,2885
茅ぶき,2880
海鼠腸,2872
驃騎,2871
吊るせる,2868
熔ける,2862
選る,2862
溝鼠,2860
蕭条,2859
蕭然,2859
得手勝手,2855
素袍,2854
殯宮,2853
車前草,2853
飲ん兵衛,2853
遣り口,2850
擡頭,2848
花鋏,2848
摸倣,2846
塔中,2844
腟内,2842
阿媽,2838
啜り泣き,2837
振仮名,2837
疑る,2837
老耄,2835
桝目,2834
殷賑,2834
酔払い,2831
洩る,2830
退かす,2829
煉炭,2824
出会す,2822
而已,2822
陋習,2821
赫奕,2820
滲透,2818
萱原,2818
斥ける,2812
挿頭,2810
ちょん髷,2808
無闇矢鱈,2807
鎧通し,2806
鳶口,2806
燭光,2805
珊瑚樹,2800
珪肺,2800
菊日和,2800
豁然,2800
哈日,2799
磨ぐ,2799
與える,2797
連子鯛,2797
宛ら,2791
腹拵え,2791
禍事,2790
悔悛,2789
僻村,2787
出立ち,2787
游泳,2787
真丸,2787
垢抜ける,2784
宏壮,2782
辭典,2781
献饌,2775
合歓木,2774
平家蟹,2774
慾望,2774
綴字,2774
焚ける,2772
荊冠,2772
十露盤,2770
癸巳,2770
六書,2767
吸取,2766
水脹れ,2766
捩花,2764
阿婆擦れ,2764
精し,2763
呑舟,2761
抓る,2761
蘋果,2759
檜木,2758
溯行,2758
紫雲英,2756
印篭,2755
蛟竜,2755
讒訴,2755
檜葉,2752
舐る,2752
綴込み,2751
聰明,2749
錐揉み,2748
葷酒,2747
真桑瓜,2745
高禄,2744
清まし,2743
水洟,2739
鉋屑,2739
八重葎,2735
抽籤,2735
直穿き,2735
鴨神,2734
湯文字,2732
誦する,2732
荷捌,2731
残香,2730
吐かす,2725
乳人,2722
飛瀑,2722
懺法,2719
老媼,2717
肺尖,2717
慶ぶ,2715
廻状,2714
訪い,2714
金米糖,2712
揚雲雀,2710
捧持,2709
滅茶滅茶,2708
山嶽,2705
愛誦,2702
凱風,2700
撓り,2699
梅ケ枝,2698
膿む,2698
宸筆,2697
小楯,2697
無慙,2695
浚う,2693
褪める,2693
品別,2685
掃溜め,2683
羯磨,2677
遣手,2675
縞馬,2674
姥堂,2670
爛れる,2670
独り合点,2668
犬釘,2667
濡縁,2666
煖炉,2664
齷齪,2664
猪牙,2662
賽子,2662
飄逸,2660
贓物,2659
鳩信,2657
狡知,2656
咳ばらい,2655
籾米,2653
玉鉾,2652
眇める,2647
具わる,2646
引伸,2643
筆鋒,2641
大捷,2639
総攬,2639
犀利,2636
憐愍,2633
妊孕,2632
荷扱,2632
鍼医,2631
凍瘡,2628
穹窿,2627
鹿尾菜,2625
斯文,2624
杓文字,2623
入鋏,2621
聯邦,2618
物識り,2617
咬頭,2615
撒水,2615
菲才,2615
悲歎,2614
地均し,2613
猫糞,2612
田の面,2612
蠱毒,2612
海鞘,2611
踏鞴,2611
国作,2608
水涸れ,2606
漫ろ,2606
繁縷,2606
悉地,2605
書牘,2605
草相撲,2605
水牢,2604
亥子,2603
知合,2602
蒔ける,2600
毘賣,2593
廻米,2591
藁しべ,2587
木末,2585
舌尖,2583
逆剃り,2579
首枷,2578
育くむ,2574
水呑み,2570
虎魚,2570
犇めく,2569
怨讐,2567
溜井,2567
賢しら,2562
金打,2561
鰹木,2560
平紐,2559
東嶺,2558
湯帷子,2557
富籤,2556
山巓,2555
紺絣,2554
抬頭,2553
男郎花,2553
言祝ぎ,2550
抽苔,2548
九十九髪,2546
兒童,2546
牝鶏,2543
魑魅,2543
情慾,2542
又従兄弟,2539
狂躁,2539
邪智,2539
摺物,2537
胚子,2537
諳んじる,2537
切磋,2536
撫で斬り,2536
鋏角,2536
借越,2535
錨地,2534
春蝉,2531
済し崩し,2531
炭塵,2531
偏倚,2530
昌栄,2530
布袋葵,2529
滌除,2529
掌篇,2528
羽箒,2528
花活け,2527
岡惚れ,2523
嬉嬉,2521
倭語,2520
番える,2520
燻らす,2516
漱ぐ,2515
燈心,2514
軋る,2514
磯松,2513
孺子,2512
槍持,2511
野猪,2510
陋屋,2510
蕃人,2507
服膺,2506
駑馬,2505
豫章,2503
蒐書,2500
鏖殺,2500
輝る,2497
鞦韆,2496
仮寓,2495
点てん,2495
猪口才,2495
上廻る,2494
葫蘆,2492
撚る,2490
撓ん,2489
昏れる,2487
薄倖,2487
雷親父,2487
楞厳,2486
箜篌,2485
瀉火,2482
吠え面,2481
聯絡,2479
讃仰,2479
援蒋,2478
綺語,2478
玉櫛,2477
短躯,2476
天籟,2473
救恤,2471
奸賊,2469
鍼術,2468
勝れる,2463
按排,2463
引裂,2462
諺文,2460
秩禄,2458
蟻食,2458
一瓢,2457
搗精,2457
爆蘭,2457
裂罅,2457
伎倆,2456
草臥れる,2454
青黛,2450
木鋏,2448
沃化,2447
風邪声,2447
鼠蹊,2447
充ちる,2446
接骨木,2446
擡げる,2445
破落戸,2445
川獺,2444
衙門,2444
脛巾,2442
射倖,2438
全智,2437
相撲取,2435
太刀風,2433
鸚哥,2433
夜這,2431
馬橇,2431
日乾,2430
哀憐,2429
片口鰯,2429
小倅,2428
設い,2428
辻斬,2427
啼鳥,2424
掻ける,2424
窶れ,2423
梶取,2421
燗冷まし,2421
糠喜び,2420
厭きる,2417
吹き溜り,2417
誅する,2416
拝跪,2415
篠懸,2415
恢恢,2414
諷誦,2414
摸造,2411
入寇,2410
煉る,2408
手套,2407
胸紐,2407
飜訳,2407
頸骨,2406
延胡索,2403
謬見,2402
叩解,2401
笈摺,2401
其奴,2398
雪踏,2398
桂剥き,2397
抜萃,2396
敲き,2395
價格,2389
拼音,2389
欣快,2389
涸渇,2389
諂い,2389
扼する,2387
荒蕪,2387
枳実,2383
委せる,2377
久闊,2376
砥の粉,2376
仕込杖,2375
填める,2375
勉める,2373
背馳,2372
熨斗鮑,2370
撫育,2369
欣然,2369
蚊除け,2369
雛遊び,2369
乳母子,2368
賣る,2368
招提,2367
埋み火,2366
死水,2366
お浚い,2363
来寇,2362
収攬,2359
攀じる,2359
讀本,2359
択ん,2358
蘇枋,2356
磯巾着,2355
繍帳,2355
奴凧,2354
馬簾,2354
入明,2353
敎育,2353
雑沓,2351
搖れる,2350
入り母屋,2348
涎掛け,2348
網代木,2348
飯櫃,2347
尾の上,2345
鱈場蟹,2345
肋膜,2343
戰争,2342
祷り,2342
權力,2340
明眸,2339
頸筋,2337
上履,2335
松毬,2333
梵文,2333
蒼鉛,2333
廓清,2331
歐米,2331
誅伐,2331
彷徨く,2330
潜函,2330
現御神,2329
癩者,2329
芥子菜,2329
歿年,2326
蛙股,2325
顔馴染,2325
乙女子,2323
六芸,2323
趾間,2323
遣れる,2323
俚謡,2322
篭める,2322
婀娜,2320
奸物,2317
蟒蛇,2317
毀れる,2316
男妾,2316
寝藁,2315
註記,2315
浅茅生,2311
玳瑁,2311
筆硯,2311
未央柳,2309
硅砂,2309
罅割れ,2308
掻巻,2304
咎め立て,2301
姦雄,2297
二合半,2294
瑣事,2293
鴨脚,2293
牟尼,2290
錬る,2289
晨朝,2288
窪む,2288
白鼠,2286
鋤簾,2286
緋縅,2284
翠黛,2283
設える,2282
眈眈,2280
經過,2280
苦患,2277
棲処,2275
焼肴,2275
輔佐,2275
溜塗,2274
時雨れる,2273
揺曳,2271
著く,2271
鹹味,2270
藁苞,2269
列ねる,2268
石瀬,2267
蝦夷松,2267
脱殻,2266
賞翫,2265
石菖,2264
兇暴,2260
外寇,2259
淫祠,2259
粧う,2258
捧呈,2257
逆旅,2255
物貰い,2254
揉めごと,2253
變更,2253
鴻毛,2251
俗塵,2250
朱欒,2249
食い溜め,2249
削げる,2248
朔北,2247
狼火,2247
麻苧,2247
噎せる,2245
中休,2244
啾啾,2243
懿徳,2243
済す,2242
癲狂,2242
寝刃,2240
揣摩,2238
花栗,2237
大晦,2234
無患子,2234
空かす,2233
真魚鰹,2232
冢宰,2228
起てる,2228
小肥り,2226
寄生木,2225
葭簀,2221
艱苦,2220
馴初め,2220
抜釘,2215
面頬,2214
稲置,2211
宥恕,2210
凛冽,2208
偲べる,2206
牢破り,2206
店晒し,2204
私撰,2203
馬鍬,2203
撫す,2202
斯業,2202
哨兵,2201
灰神楽,2200
抜打ち,2199
葦簾,2197
唐鍬,2194
柞蚕,2194
稀世,2194
注疏,2193
半済,2192
驕奢,2192
花聟,2191
贋造,2189
爻辞,2186
急かせる,2185
苔桃,2185
群棲,2182
達引,2180
病牀,2179
竹柏,2178
師傅,2177
車曳,2176
塵紙,2174
龍徳,2174
茫茫,2173
隠亡,2173
後廻し,2172
鷹派,2170
梯子酒,2169
殿様蛙,2169
海驢,2168
酒壷,2167
高跳,2167
淵瀬,2166
白髯,2166
儲かん,2165
擱座,2165
生立,2165
窈窕,2165
這裡,2164
下疳,2163
尺牘,2163
凍てる,2162
蟠る,2162
出っ尻,2161
焼き鈍し,2161
ばら蒔く,2160
巡邏,2160
正閏,2159
躙口,2159
壜詰,2158
山菅,2158
贅言,2158
使嗾,2157
杉綾,2157
喊声,2155
標す,2155
墨烏賊,2154
什宝,2153
大廻り,2150
水瀉,2150
尾篭,2149
脈搏,2148
鍔元,2148
膵体,2147
往ぬ,2146
憂世,2145
蛔虫,2145
関聯,2141
梅雨晴,2140
承知之助,2139
旱害,2139
亢奮,2137
鼠算,2136
徹る,2134
燐火,2133
偃月,2132
稀書,2132
籃胎,2132
偏旁,2131
笠子,2130
駐箚,2129
填る,2128
心悸,2128
場裡,2127
綴錦,2124
炊出し,2119
当籤,2118
紛擾,2118
繼承,2117
吉利支丹,2115
硼砂,2112
聾する,2112
闕所,2112
潜竜,2110
飢死,2110
海参,2107
煥乎,2107
霜除け,2105
安んぞ,2104
朋党,2104
金紗,2104
鋸屑,2104
兜巾,2103
捷径,2101
場馴れ,2100
引き攣れ,2100
自撰,2100
駄法螺,2100
検める,2099
床框,2098
蕩かす,2092
喀出,2091
詭道,2090
雀ゴロ,2090
蟾蜍,2089
勝栗,2085
新発意,2083
蝶蝶,2082
摺れる,2081
蓮糸,2081
焦躁,2080
蕃椒,2076
死身,2075
蛾眉,2075
訥弁,2075
茹で蛸,2074
莢豌豆,2074
旌旗,2070
憫笑,2067
鴉片,2065
櫓下,2063
剽悍,2062
息衝く,2061
脱疽,2060
草生す,2059
青海原,2057
野袴,2053
顛覆,2052
棧橋,2051
天蚕糸,2050
巫祝,2050
波蝕,2048
傭人,2046
利目,2046
旋網,2046
端倪,2046
対屋,2042
一盞,2041
列なる,2041
咒式,2040
掖済,2040
撩乱,2040
淋漓,2039
身篭る,2037
辟支,2037
悶悶,2036
涜神,2036
削剥,2035
豺狼,2035
避諱,2035
火箭,2034
涌泉,2032
狒狒,2032
鉄床,2031
馴鹿,2030
嚇し,2029
弥高,2029
梵名,2029
真鰯,2028
研屋,2028
謙る,2026
兎の毛,2025
悍馬,2025
糟粕,2023
甘薯,2022
奸悪,2021
瑞相,2020
箚記,2020
扁形,2016
昼餐,2016
糞土,2015
宝籤,2014
訓蒙,2013
あこう鯛,2011
効目,2010
情誼,2010
追出し,2007
羽団扇,2005
浮つく,2002
神佑,2002
相撲とり,2001
臥所,2000
平泳,1999
鱗形,1999
吹き曝し,1998
應用,1997
鳩麦,1996
梳る,1994
芋蔓,1992
宮保,1991
廻旋,1991
砂嚢,1991
佩く,1989
剔抉,1989
屍蝋,1988
琴瑟,1988
高鼾,1988
余燼,1987
切箔,1986
廻航,1986
牽連,1984
沫雪,1983
鬻ぐ,1978
南鐐,1977
丸絎,1976
傍輩,1976
綜芸,1975
陋劣,1975
愛憐,1973
煉丹,1973
舁く,1970
辟邪,1970
消炭,1968
發揮,1968
氣質,1967
蘊奥,1967
夢寐,1965
鉄砲百合,1963
雀羅,1963
下萌え,1962
棒手振り,1962
於く,1960
漫ろ歩き,1959
鋤く,1959
雨止み,1959
申出で,1957
鼠穴,1957
成香,1956
装釘,1954
黒酒,1953
廻天,1952
叛骨,1951
早桶,1950
雑嚢,1950
孟母,1949
此土,1949
詐り,1949
兇行,1948
上膊,1947
小綬鶏,1947
起臥,1947
鉤針,1947
宏遠,1945
老妓,1945
硯材,1943
權威,1941
百合鴎,1940
鱈の子,1939
處分,1937
只只,1936
突棒,1936
呑口,1934
両棲,1933
羇旅,1932
犇めき,1931
狐疑,1931
根瘤,1930
硅素,1930
腟炎,1930
臘月,1929
引摺り,1928
托す,1927
給わる,1927
棧敷,1925
乾飯,1924
八手,1922
姫鱒,1922
条播,1922
疏通,1922
對話,1920
僻遠,1919
宣る,1919
屹然,1918
激つ,1918
涕泣,1917
焙じる,1917
焙炉,1917
牢固,1917
蒼氓,1916
浜荻,1915
瞞着,1915
精煉,1915
屑米,1914
深山霧島,1914
悽愴,1913
祕密,1911
鞘堂,1911
文色,1910
誹る,1908
嘉例,1907
姫小松,1907
擲つ,1907
杜絶,1907
廻文,1903
窄まる,1903
美髯,1902
汲水,1900
験す,1900
仮綴,1899
行倒れ,1898
傳える,1897
貫祿,1896
煽てる,1893
矮化,1893
誅戮,1893
管鍼,1892
蓮歩,1892
予讃,1890
意慾,1889
蜻蛉返り,1889
黄蘗,1888
笑い茸,1887
毛虱,1886
縫箔,1886
余所目,1885
饑饉,1885
峻拒,1884
禁厭,1884
鞏固,1881
訶梨,1879
切痔,1878
紐解ける,1878
解せん,1878
咫尺,1876
潮汲み,1875
略綬,1875
耽ける,1875
翠巒,1874
憂悶,1873
雁股,1871
僻事,1869
醵金,1869
鼬ごっこ,1868
毀す,1867
犬蓼,1865
梶の木,1864
添水,1864
葛餡,1864
障泥,1864
石蟹,1863
下臈,1860
鉈豆,1859
奸策,1857
俥夫,1856
混亂,1856
みんみん蝉,1855
挺する,1854
泥む,1854
生薑,1854
痼疾,1854
紫綬,1854
茹蛸,1854
鰻上り,1853
咄家,1852
索麺,1852
余所事,1851
召人,1851
戦ぐ,1851
兇賊,1850
真田虫,1849
廻送,1847
群雀,1847
荒寥,1847
顰めっ面,1847
膨疹,1846
僻見,1845
箒草,1845
野禽,1845
別箇,1844
賑やかす,1844
僉議,1842
寓言,1841
巴旦杏,1841
雹害,1841
ココ椰子,1839
瓷器,1839
陶枕,1838
颯颯,1838
梯形,1837
鵬翼,1834
市庭,1833
泥塗れ,1833
一掬,1830
痰吐き,1830
僻目,1828
恬然,1828
孑孑,1827
獅噛,1827
紙鳶,1827
脹満,1827
講筵,1827
翔破,1826
茶匙,1826
倶会,1825
巨杉,1825
年廻り,1824
寫す,1823
洒落る,1823
踏石,1823
下婢,1822
吾木香,1822
投げ棄て,1821
抜錨,1821
賤人,1821
橡の木,1820
転た寝,1819
千千,1818
少女子,1817
折れ釘,1817
纏える,1816
侵逼,1814
佞臣,1813
梵唄,1813
溲瓶,1813
撞点,1811
玫瑰,1811
不犯,1808
発く,1808
贋者,1807
面疔,1807
猿臂,1804
閻羅,1803
嘉言,1802
婉然,1802
仔熊,1798
屑篭,1798
篩う,1796
遷喬,1796
誕辰,1794
捻子,1792
日除,1790
葦辺,1790
停る,1789
春桃,1789
酒甕,1789
諷経,1788
檣楼,1787
黒鼠,1787
扈従,1786
欣欣,1786
喋喋,1784
炯炯,1784
蜘蛛手,1783
酔心地,1782
摸写,1781
保姆,1780
斧鉞,1780
疵痕,1780
祝盃,1779
苛苛,1779
煉乳,1778
瞿麦,1778
組盃,1778
麗ら,1777
兇徒,1775
斯学,1775
引直,1774
紅鱒,1773
苅る,1773
蕭蕭,1773
鞍点,1773
鷹飼,1773
待ち惚け,1772
碧落,1772
送状,1772
小舅,1771
楞伽,1770
正篇,1770
翩翻,1770
矮躯,1768
険峻,1763
上蔟,1761
桿体,1761
雀躍,1761
馬盥,1761
腐爛,1760
艨艟,1760
縦令,1759
外廓,1757
到れる,1755
盃洗,1755
禿鷲,1753
裾捌き,1752
散佚,1751
巫山戯る,1750
惣じて,1750
紙燭,1750
嫋嫋,1747
於血,1747
蛇の髭,1746
部屋住,1746
歯齦,1744
醬油,1744
烟る,1742
脾腹,1742
遠廻り,1742
叡覧,1741
諜者,1741
讖緯,1741
頽勢,1740
持す,1739
撲る,1739
綱曳,1739
代赭,1738
大和歌,1738
莫連,1738
承ける,1737
湯掻く,1736
口誦,1735
後楯,1735
劫初,1734
廃頽,1732
志ざす,1732
担癌,1732
睨みあい,1732
違棚,1732
儲け口,1731
ひょう疽,1730
女誑し,1730
掻取,1729
煽ぐ,1728
嚶鳴,1726
支う,1726
駢儷,1726
翅脈,1725
饗膳,1725
邪慳,1724
迂路,1723
抓み,1722
薏苡,1722
銓衡,1722
堅磐,1721
麝香猫,1721
漕船,1720
韓紅,1719
綱曳き,1718
蟻の塔,1717
七五三縄,1716
乳呑,1716
歷史,1716
咬耗,1715
現し世,1715
手蹟,1714
贖宥,1713
妓夫,1712
拭漆,1712
弑する,1711
申し出で,1711
儚む,1710
傴僂,1709
砥草,1709
交喙,1708
和毛,1707
脹らむ,1707
荷積,1705
古狐,1704
豫算,1703
貰い子,1703
追腹,1703
戰時,1702
日傭,1701
稲熱病,1701
縋れる,1701
追討ち,1699
雑纂,1699
黄櫨,1699
髀肉,1698
鯖読み,1698
列べる,1697
糸魚,1696
誅滅,1696
大旱,1695
大掴み,1694
戦捷,1694
簡牘,1694
濡羽,1693
準える,1692
讀める,1691
筥迫,1690
謬説,1690
頸損,1690
原註,1689
坐り込み,1689
救癩,1689
陵駕,1689
通箱,1687
巨礫,1686
酬いる,1685
嗄らす,1683
掻破,1683
舵機,1683
小糠,1682
允可,1680
呑助,1680
点綴,1680
焉んぞ,1679
從事,1678
戯事,1678
七十路,1674
抓ん,1674
檜物,1672
袋綴,1671
岩燕,1669
鮑魚,1668
警蹕,1667
趺坐,1667
刎頸,1666
悧巧,1666
狡智,1666
碇石,1666
跨げる,1665
鍼管,1665
俄仕込み,1664
洗い晒し,1663
疣痔,1663
圖會,1660
滑べる,1660
轢逃げ,1660
鎧う,1659
憬れる,1658
捕方,1658
焼麩,1658
為さん,1657
胸裡,1657
毛脛,1656
鍾乳,1656
利鎌,1655
恪勤,1653
仲直,1651
頽落,1651
四十物,1648
木鼠,1648
駈落ち,1648
篦棒,1647
吐口,1646
悪しざま,1645
頬かぶり,1643
怖じる,1642
倶生,1641
厭く,1641
獰悪,1639
粕毛,1639
死際,1638
關白,1638
つけ髭,1637
越度,1637
大人びる,1636
聞す,1636
飜譯,1636
水嚢,1635
畳鰯,1635
諒闇,1634
雨曝し,1634
台秤,1633
喧し,1633
挾む,1632
夙く,1629
手蔓,1629
紅葉葵,1629
臨牀,1629
不見転,1627
老躯,1627
蠕虫,1626
嬌態,1625
眸子,1625
篆隷,1625
お河童,1624
個月,1623
白橿,1622
水炊,1621
游ぐ,1621
讚える,1621
抓む,1620
生り年,1620
蒼古,1620
独楽鼠,1617
玉箒,1617
羞じらう,1616
引廻,1614
曳ける,1612
檳榔樹,1612
山颪,1611
帷幕,1611
松蝉,1610
蠢かす,1610
楚楚,1609
混凝,1609
漿果,1609
臺屋,1608
謚号,1607
揉捏,1606
錐面,1606
粉黛,1604
詩嚢,1604
巍巍,1603
拗ね者,1603
祗候,1602
狗尾草,1601
蜿蜒,1601
万斛,1600
託ける,1599
酔い醒め,1599
挟箱,1598
九仞,1597
嶮岨,1597
悚然,1597
捻じる,1597
先蹤,1596
存える,1596
牢死,1593
掛衿,1591
空き腹,1591
已後,1590
必竟,1590
旱天,1590
元兇,1589
老婢,1589
豊頬,1589
遂せる,1589
屑物,1588
田遊,1588
菲薄,1588
刺叉,1587
干鱈,1587
火焙り,1587
癇癖,1587
託つ,1587
嫩葉,1585
身柱,1585
這般,1584
擯斥,1582
謫居,1582
卜筮,1581
對立,1581
綜覧,1581
輿望,1580
莫大小,1579
睦む,1578
咳く,1574
大旆,1574
嵌り役,1574
復辟,1574
美妓,1574
卑賎,1573
尽瘁,1573
香奠,1573
驍将,1572
廢止,1570
熾る,1570
左褄,1569
蜀黍,1569
圭角,1568
遣戸,1566
綾羅,1565
長嘯,1565
隠し釘,1565
簀巻,1564
雁来紅,1564
囃子詞,1563
給わん,1562
萌す,1562
悪様,1560
擱筆,1560
践む,1560
煤ける,1559
蛸壷,1558
輓近,1557
吊せる,1556
脹れる,1555
幽棲,1554
千仞,1553
扱ぐ,1553
俯ける,1550
掘立て,1550
段別,1550
邏卒,1550
吸啜,1549
和ぐ,1547
刳舟,1545
蕃地,1545
懴悔,1544
貰い水,1544
胡地,1542
一毫,1541
窄める,1540
燗番,1537
白栲,1536
縛める,1536
怖じ気,1535
呼捨て,1534
晦ます,1534
沈淪,1534
蕁麻,1533
允許,1531
縁る,1531
手廻り,1530
隨筆,1530
参差,1529
怨み言,1528
愛慾,1528
お銭,1527
塵労,1527
目睫,1526
萵苣,1526
欣喜,1524
笹掻き,1523
蘭麝,1523
飄飄,1523
嵩じる,1522
狀態,1522
痛哭,1522
苜蓿,1522
棄捐,1519
臑齧り,1518
辺疆,1518
翰墨,1517
交交,1515
兵燹,1514
自棄糞,1514
生辰,1512
凛乎,1511
女子衆,1511
落鮎,1511
長っ尻,1509
防鹿,1509
俗諺,1507
蒼し,1506
酢蛸,1505
仰ける,1503
烏金,1502
終熄,1502
胞胚,1502
虎鶫,1501
噎ぶ,1499
急拵え,1499
漸う,1499
逆怨み,1499
塵塚,1498
馬槽,1498
梳き櫛,1497
繧繝,1497
燈下,1496
吹溜り,1494
嘉辰,1494
琳琅,1493
薮柑子,1493
燻銀,1492
樫鳥,1490
熱る,1490
渙発,1486
捻くれる,1485
拱く,1484
淋疾,1484
首桶,1483
莪朮,1482
占筮,1481
広闊,1481
漢意,1481
筆誅,1481
座込み,1480
廟議,1479
潺湲,1479
盈虚,1479
弥立つ,1478
葡萄茶,1477
棕梠,1474
表編,1474
水っ洟,1473
饗する,1472
庇い立て,1470
尻窄み,1469
抛る,1469
淪落,1469
侠骨,1466
個条,1466
椎柴,1465
劃する,1464
踞る,1464
小智,1463
怨みつらみ,1463
頑癬,1463
鷁首,1463
絲綢,1462
万頃,1461
燧石,1461
石斑魚,1461
挽き茶,1460
補註,1460
休石,1459
惹ける,1459
祷る,1459
蝋纈,1459
売僧,1457
普陀落,1457
識閾,1456
辻つま,1456
恙虫,1454
抜身,1454
城廓,1453
輻湊,1453
帷幄,1452
天譴,1451
雀鮨,1450
交名,1447
死目,1444
殷盛,1444
畫家,1444
膃肭臍,1444
挽茶,1443
平笠,1441
梁木,1441
総べる,1441
取舵,1440
吊手,1439
喋れん,1439
糞蝿,1439
騰る,1437
甚麼,1436
鯣烏賊,1436
奸佞,1435
庖厨,1435
斎く,1435
澆季,1434
繻珍,1434
売卜,1433
曝涼,1433
苗裔,1433
貰い火,1433
徒者,1432
笠付,1432
粗餐,1432
陳ぶ,1431
干乾,1430
孤雁,1429
宋音,1429
捩じる,1428
裾廻し,1427
曠劫,1426
欹てる,1425
一臂,1424
裲襠,1424
汐汲み,1423
開け閉て,1423
円坐,1422
商賈,1421
衰頽,1421
繋縛,1420
蝦蟇口,1420
鑵子,1418
脾肉,1417
衆智,1417
冒瀆,1416
枡組,1416
夜啼き,1415
村時雨,1415
柴栗,1415
擧げる,1414
嚢状,1413
火熨斗,1413
波除け,1412
撤饌,1410
暈す,1409
端近,1409
啐啄,1408
旧址,1408
吊床,1407
退っ引き,1407
冒險,1406
大篆,1406
審らか,1406
雄勁,1405
兵戈,1404
一揖,1403
禁裡,1403
簾中,1403
諫暁,1403
宸襟,1402
灸治,1402
端折れる,1402
糞力,1401
齲歯,1401
帰雁,1400
碇草,1400
首鼠,1399
醇化,1398
屠牛,1397
憾む,1397
摺本,1397
蒲葵,1397
豎子,1396
逆上せる,1396
気附,1395
豪宕,1395
刳る,1393
燈呂,1393
葆光,1393
金釘,1393
両個,1392
帛書,1392
弛張,1392
鞣す,1392
竹蜻蛉,1391
餘計,1391
紋帖,1390
見栄坊,1390
青黴,1390
薩土,1388
香盒,1388
八目鰻,1387
推める,1386
白鑞,1386
頬髭,1386
驥尾,1386
狐森,1385
凋む,1383
布袋草,1383
陳べる,1383
竣成,1381
疾し,1379
部屋割り,1379
鈔本,1379
喃喃,1378
類纂,1378
摺足,1377
跪拝,1377
ニッパ椰子,1376
捲ける,1375
棹立ち,1375
鳶の者,1375
孟夏,1373
唐芥子,1372
毫末,1371
扁舟,1370
拐かす,1370
褞袍,1369
塵取,1368
岩漿,1367
霞目,1367
冲する,1365
枯蓮,1365
戯談,1364
焚物,1364
蒟醤,1364
小競合い,1363
欽差,1363
白帯下,1362
綯交ぜ,1360
糠雨,1359
側妻,1358
單位,1357
沛然,1357
革砥,1357
罫書,1356
鉤型,1356
銀牌,1356
盡力,1355
引掛り,1353
遜る,1352
苛責,1351
好誼,1350
剥せる,1349
戯ける,1349
萌えん,1348
唐綾,1347
癈人,1346
卑狗,1345
銀燭,1345
鋏む,1345
惘然,1344
昔馴染,1344
暢達,1344
臥煙,1343
人溜まり,1339
喰えん,1339
蜀錦,1339
角力取,1339
肋木,1338
忽せ,1337
打紐,1337
鳥黐,1337
企劃,1336
佩剣,1336
萎びる,1336
詫状,1336
平椀,1335
碾く,1335
鍾愛,1335
吻端,1334
恵比寿顔,1333
佯狂,1332
姦婦,1332
蛭巻,1332
事える,1331
報賽,1331
媒妁,1331
振掛け,1330
柏子,1330
連坐,1330
零れ話,1330
鞘寄せ,1330
瘠せる,1329
青豌豆,1329
手焙,1328
螢袋,1328
顔繋ぎ,1328
佑助,1326
烏貝,1326
羽交,1326
魚棚,1326
頸飾,1325
爛爛,1323
筵旗,1323
錚錚,1323
下廻る,1321
滑翔,1321
肯んずる,1320
斯く斯く,1316
燈芯,1315
皓歯,1315
身罷る,1315
截断,1314
糠袋,1312
謬論,1312
酸模,1312
釉色,1312
櫛巻,1311
ひとり合点,1310
六体,1310
別け隔て,1310
曝書,1310
辷る,1310
田麩,1309
裂け痔,1309
攝政,1308
渾天,1308
しん灸,1307
目溢し,1306
蒔き直し,1306
縞物,1305
鴻恩,1304
抄く,1299
地蜘蛛,1298
悦べる,1298
櫛比,1298
廻心,1297
船艙,1296
杆体,1294
晦冥,1293
諾う,1293
盆の窪,1292
淳朴,1291
萎靡,1290
健か,1289
受附,1289
有卦,1289
革める,1289
馬刀貝,1288
生き胆,1287
轡虫,1287
世智,1285
斬込み,1285
翌桧,1285
親炙,1285
無缺,1284
移徙,1284
荊妻,1284
閾下,1283
小鬢,1282
法る,1282
洗い浚い,1282
鞘巻,1282
初茸,1281
嚼む,1281
溌墨,1281
酒糟,1281
隠栖,1281
又従姉妹,1280
哭泣,1280
牴触,1280
狎れる,1278
參議,1277
饑餓,1277
干鯛,1276
羞じらい,1276
花蕊,1276
詠える,1276
蕩児,1273
坐高,1272
独坐,1272
碾臼,1272
斬死,1271
一溜り,1270
渇れる,1270
緊褌,1269
哭する,1268
沮喪,1267
煖房,1267
罷る,1267
詩鈔,1267
意嚮,1266
区劃,1265
微塵子,1264
白膠木,1264
目張,1263
碩徳,1263
赭土,1261
躬行,1261
恢弘,1260
擦り剥け,1260
角髪,1260
脚註,1259
雪催い,1259
供廻り,1258
卜者,1258
糠油,1258
初酉,1257
疫癘,1257
肉置き,1257
堰く,1255
檢査,1255
湯中り,1255
禦ぐ,1255
素槍,1254
見縊る,1254
醒す,1254
宝祚,1253
繽紛,1253
半截,1252
渺渺,1252
追払い,1252
瘻管,1251
手械,1250
會計,1250
焼鈍し,1250
鴻儒,1250
岨道,1248
攫む,1248
歓べる,1248
滄溟,1248
交詢,1247
孤閨,1246
日覆,1246
炊ぐ,1245
縒り糸,1245
姦臣,1244
安坐,1244
温突,1244
矧ぐ,1244
囹圄,1243
膝射,1243
衍義,1243
穂芒,1241
雅びやか,1241
慶庵,1240
日乾し,1240
漉き返し,1240
罅割れる,1239
侘びる,1237
利廻り,1237
玩物,1237
臍繰り,1237
嗟嘆,1236
滅多矢鱈,1236
篇目,1236
浮屠,1235
貰い湯,1235
殷鑑,1234
遵う,1234
風蝕,1234
木叢,1233
豫備,1233
車蝦,1232
偲草,1231
皿廻し,1231
繁し,1231
蜂窩,1231
弄う,1230
濛濛,1230
針槐,1230
操觚,1229
竿秤,1229
大牢,1228
羸痩,1228
節廻し,1227
鞘走る,1226
稟性,1224
濡手,1223
會舘,1222
有りの侭,1222
昏冥,1221
卍巴,1220
研出し,1220
糾う,1220
蕃族,1220
那里,1220
深ける,1219
蒲柳,1219
たん瘤,1217
嚴重,1217
毀つ,1217
申渡し,1217
粗砥,1216
驀地,1216
體系,1216
腟部,1215
攣れる,1214
剪刀,1213
窄む,1213
諷する,1213
鉢叩,1213
震駭,1213
航る,1211
硏究,1210
兇状,1209
峻嶺,1209
嵐気,1209
飲込み,1208
射せる,1207
禽舎,1207
輔翼,1207
歔欷,1206
遣り場,1206
一廓,1205
窶す,1205
虫螻,1204
怖じける,1203
藹藹,1202
才槌,1201
稜角,1199
羈絆,1199
零れ種,1199
自刎,1198
頸木,1198
倨傲,1197
遁辞,1197
驍勇,1197
曵く,1196
爾余,1196
輔国,1196
卒爾,1195
教誡,1195
秋毫,1195
挂甲,1194
矢武,1194
繋船,1194
輦台,1193
醇乎,1193
古址,1191
淫佚,1191
急湍,1190
種姓,1190
菅垣,1190
逆剥け,1190
馬銜,1190
黴びる,1190
手馴れる,1189
撰べる,1189
素馨,1189
夥多,1188
硅石,1188
霊智,1188
干乾し,1185
絽織,1185
鵬程,1184
灸点,1183
習気,1183
忿懣,1182
無反,1182
驕傲,1182
撰する,1180
遠廻し,1180
夕蝉,1179
瘡毒,1179
骨骼,1176
選りどり,1175
長汀,1175
儼然,1174
八口,1174
戯け者,1174
欣幸,1174
焚刑,1174
画舫,1174
撓う,1173
溪流,1173
細螺,1173
坐臥,1172
匡正,1171
奸商,1171
枡目,1171
瓊玉,1171
鉦叩き,1171
鰐鮫,1171
鹵簿,1171
花軍,1170
剔出,1169
夙夜,1169
姦夫,1169
竟宴,1168
蜿蜿,1168
禿筆,1167
黒鴨,1166
晏如,1165
極め手,1164
溌刺,1164
綾地,1164
舐めずる,1164
冀う,1163
向う脛,1163
砒酸,1162
磨臼,1162
匆匆,1161
汲み立て,1161
月輪熊,1160
舷梯,1160
搜索,1159
芝蝦,1159
輔導,1159
咬創,1158
留錫,1157
渋団扇,1156
庶幾う,1155
補弼,1155
遥遠,1155
初生り,1153
廠舎,1153
抜差,1153
詛う,1153
掴み金,1152
枉げる,1152
隕星,1152
襟刳り,1150
駈る,1149
黄蜀葵,1149
捩摺,1148
着脹れ,1148
銚釐,1148
忌辰,1147
搜査,1147
穿破,1147
僻陬,1146
放く,1146
裏編,1146
追羽根,1146
全豹,1145
按じる,1145
肋材,1145
旧套,1144
伊呂波歌,1143
反身,1143
売り捌き,1143
狐拳,1143
浮塵子,1142
海老錠,1142
脹れっ面,1142
高誼,1142
哮る,1141
粮米,1141
衒気,1141
床間,1140
復誦,1140
生らす,1140
聯珠,1140
寶貝,1139
掴めん,1139
擢んでる,1138
漂蕩,1138
続飯,1137
吊棚,1136
鳴鏑,1136
鹹湖,1135
縞蛇,1134
別盃,1133
孟冬,1132
破鐘,1132
稲妻形,1132
莎草,1132
鏤める,1132
峙つ,1131
牢記,1131
燒結,1130
腑分,1130
疵物,1129
醵出,1129
人怖じ,1128
褄先,1128
雨笠,1127
書抜,1125
蕩蕩,1125
即ける,1124
撓める,1124
鎧板,1124
可惜物,1123
顫動,1122
沐猴,1121
申文,1121
紙幟,1121
胡頽子,1121
ゆで蛸,1120
側杖,1120
棹秤,1120
憂身,1119
外舅,1118
岩躑躅,1118
礬水,1118
同苗,1117
棒縞,1117
赤燐,1117
斂葬,1116
貪慾,1116
烏滸,1115
衣魚,1114
威かす,1113
閊える,1113
開豁,1113
個年,1112
皓皓,1112
膵石,1112
驚歎,1112
溝萩,1111
煙霞,1111
一眸,1110
壁蝨,1110
藁沓,1110
曝せる,1109
雪冤,1109
太刀持,1108
牽強,1108
稲叢,1108
溢血,1105
編針,1105
周章てる,1104
寵妾,1104
姥石,1103
炭竈,1103
蕃殖,1103
仄めく,1101
兎唇,1100
巍然,1100
樵る,1100
雉鳩,1098
弁駁,1097
湘軍,1097
蒸泄,1097
歎ずる,1096
翠柳,1096
濾別,1095
三毬杖,1093
揺す,1092
珪岩,1092
儒艮,1091
軟酥,1091
悄げる,1090
猊座,1090
磨れる,1089
讚美,1089
蹶然,1088
這える,1088
坐浴,1086
托する,1086
讚歌,1086
鳳声,1086
睨める,1085
御撰,1084
無疵,1084
取り廻し,1083
自棄っぱち,1083
ごみ溜,1082
姦悪,1082
長薯,1082
海狸,1081
牽ける,1081
肉慾,1081
摸本,1080
偕行,1079
千鈞,1079
娶せる,1079
篆字,1079
廻漕,1078
秘鑰,1078
郁郁,1078
革まる,1078
孟春,1077
浅茅が原,1077
穴痔,1077
碎く,1076
粗笨,1076
轍鮒,1076
食み出し,1076
めじ鮪,1075
舂く,1075
蒸ける,1075
蕾む,1075
蒸寿司,1074
鵞毛,1074
薙髪,1073
蟠踞,1072
金屑,1072
末枯れる,1071
濯げる,1071
茸狩,1071
覆轍,1071
黒袴,1071
杣木,1070
蔑する,1070
雲脂,1070
卜する,1069
庵住,1069
脾摘,1069
腓返り,1069
篆額,1068
嬌笑,1066
鄙歌,1066
銀盃,1066
優渥,1065
膏血,1065
捧げん,1064
斯樣,1063
掃溜,1062
鈷鈴,1062
麾く,1062
吉辰,1061
捧腹,1061
素見す,1061
蜘蛛膜,1061
防遏,1061
埋ける,1060
肥れる,1060
足摺り,1060
馳駆,1060
炒り子,1059
鴨跖草,1058
戦がす,1056
濛気,1056
狐付き,1056
鋩子,1055
割振,1054
聯句,1054
茅蜩,1054
兇弾,1053
註する,1053
脹らます,1052
蒼枯,1052
托生,1051
溢出,1051
牝牡,1051
勿怪,1050
灰掻き,1050
謾稿,1050
嚇す,1049
裏衿,1049
ものの怪,1048
缺乏,1047
研ける,1044
吸出,1043
楫枕,1043
顆部,1043
拗らす,1042
捩子,1042
下履,1041
悲慘,1041
胴廻り,1041
焚上,1039
首肯く,1039
嘉肴,1038
呵る,1037
啄める,1037
莢隠元,1037
放肆,1036
盤踞,1036
羈旅,1036
牆壁,1035
猿曳,1035
貽貝,1035
錆竹,1033
亢竜,1032
兇刃,1032
従く,1032
死場,1032
凸坊,1031
率爾,1031
鼾声,1031
海髪,1030
橈尺,1029
芸苑,1029
晒粉,1028
縞織,1028
績む,1028
試煉,1028
亂暴,1027
卑陋,1027
叉木,1027
索莫,1026
縊れ,1026
醒ませる,1026
夕汐,1025
放下す,1025
眷顧,1024
利腕,1023
外らす,1023
団居,1022
頻る,1021
点頭く,1020
金鋏,1020
手疵,1019
繰替え,1019
駁論,1019
古祠,1018
燻ぼる,1017
誣いる,1017
嗤笑,1016
外の面,1015
糸捌き,1015
男浪,1014
冲天,1013
叛軍,1013
撫肩,1012
鉤鼻,1012
騙し討,1012
禁闕,1011
電纜,1011
迷児,1010
手古摺る,1009
曳索,1009
病躯,1009
総嘗め,1008
閃かす,1008
傭う,1007
妖婉,1007
亙れる,1004
拉ぐ,1004
按腹,1004
楊心,1004
紅綬,1004
槓杆,1003
石蓴,1003
布袋腹,1001
深潭,1001
行嚢,1001
訥言,1001
溫泉,1000